{
    "instance_id": "ws_en_067",
    "score": 0.0,
    "precision_by_row": 0.5,
    "recall_by_row": 0.015151515151515152,
    "f1_by_row": 0.029411764705882356,
    "precision_by_item": 0.5,
    "recall_by_item": 0.015151515151515152,
    "f1_by_item": 0.029411764705882356,
    "msg": "   school_exact_match  yearfounded_exact_match  public/private_exact_match  totalstudents_number_near\n0                 1.0                      1.0                         1.0                        1.0"
}