{
    "instance_id": "ws_en_013",
    "score": 0.0,
    "precision_by_row": 0.5,
    "recall_by_row": 0.01834862385321101,
    "f1_by_row": 0.035398230088495575,
    "precision_by_item": 0.5,
    "recall_by_item": 0.01834862385321101,
    "f1_by_item": 0.035398230088495575,
    "msg": "   album_exact_match  releaseyear_exact_match  song_exact_match\n0                1.0                      1.0               1.0\n1                1.0                      1.0               1.0"
}