{
    "instance_id": "ws_en_041",
    "score": 0.0,
    "precision_by_row": 0.09090909090909091,
    "recall_by_row": 0.0136986301369863,
    "f1_by_row": 0.023809523809523808,
    "precision_by_item": 0.09090909090909091,
    "recall_by_item": 0.0136986301369863,
    "f1_by_item": 0.023809523809523808,
    "msg": "   award_exact_match  awardyear_exact_match  genre_exact_match  booktitle_exact_match  author_llm_judge  nationality_exact_match\n0                1.0                    1.0                1.0                    1.0                 1                      1.0"
}