{
    "instance_id": "ws_zh_055",
    "score": 0.0,
    "precision_by_row": 0.0,
    "recall_by_row": 0.0,
    "f1_by_row": 0.0,
    "precision_by_item": 0.3472222222222222,
    "recall_by_item": 0.08169934640522876,
    "f1_by_item": 0.13227513227513227,
    "msg": "    年份_exact_match  教育阶段_exact_match  院校数量(万所)_number_near  专任教师数量(万人)_number_near  招生数量(万人)_number_near  毕业生数量(万人)_number_near\n0              1.0               1.0                   0.0                     0.0                   0.0                    0.0\n1              1.0               1.0                   0.0                     0.0                   0.0                    0.0\n2              1.0               1.0                   0.0                     0.0                   0.0                    0.0\n3              1.0               1.0                   0.0                     0.0                   0.0                    0.0\n4              1.0               1.0                   0.0                     0.0                   0.0                    0.0\n5              1.0               1.0                   0.0                     0.0                   0.0                    0.0\n6              1.0               1.0                   0.0                     0.0                   0.0                    0.0\n7              1.0               1.0                   0.0                     0.0                   0.0                    0.0\n8              1.0               1.0                   0.0                     0.0                   0.0                    0.0\n9              1.0               1.0                   0.0                     0.0                   0.0                    0.0\n10             1.0               1.0                   1.0                     0.0                   0.0                    0.0\n11             1.0               1.0                   0.0                     0.0                   0.0                    0.0"
}