{
    "instance_id": "ws_en_026",
    "score": 0.0,
    "precision_by_row": 0.06666666666666667,
    "recall_by_row": 0.02,
    "f1_by_row": 0.030769230769230767,
    "precision_by_item": 0.5733333333333334,
    "recall_by_item": 0.172,
    "f1_by_item": 0.2646153846153846,
    "msg": "    state_exact_match  numberofcongressionaldistricts_exact_match  numberofelectors_exact_match  governor(party)_llm_judge  senator1(party)&senator2(party)_llm_judge\n0                 1.0                                         1.0                           1.0                          1                                          0\n1                 1.0                                         0.0                           1.0                          1                                          1\n2                 1.0                                         0.0                           0.0                          1                                          0\n3                 1.0                                         1.0                           1.0                          0                                          1\n4                 1.0                                         0.0                           0.0                          1                                          0\n5                 1.0                                         0.0                           0.0                          1                                          0\n6                 1.0                                         1.0                           1.0                          1                                          1\n7                 1.0                                         0.0                           1.0                          0                                          0\n8                 1.0                                         0.0                           0.0                          1                                          1\n9                 1.0                                         1.0                           1.0                          1                                          0\n10                1.0                                         0.0                           1.0                          0                                          0\n11                1.0                                         0.0                           0.0                          1                                          0\n12                1.0                                         0.0                           0.0                          1                                          1\n13                1.0                                         1.0                           1.0                          1                                          0"
}