{
    "instance_id": "ws_en_052",
    "score": 0.0,
    "precision_by_row": 0.0,
    "recall_by_row": 0.0,
    "f1_by_row": 0.0,
    "precision_by_item": 0.16326530612244897,
    "recall_by_item": 0.023323615160349854,
    "f1_by_item": 0.04081632653061224,
    "msg": "   windfarm_exact_match  sea/basin_llm_judge  capacity(mw)_number_near  turbinesnumber_exact_match  turbinemodel_llm_judge  commissioningyear_exact_match  owner/operator_llm_judge\n0                   1.0                    1                       1.0                         0.0                       0                            0.0                         0\n1                   1.0                    1                       0.0                         0.0                       0                            0.0                         0\n2                   1.0                    0                       0.0                         0.0                       0                            0.0                         0\n3                   1.0                    1                       0.0                         0.0                       0                            0.0                         0"
}