{
    "instance_id": "ws_en_010",
    "score": 0.0,
    "precision_by_row": 0.0,
    "recall_by_row": 0.0,
    "f1_by_row": 0.0,
    "precision_by_item": 0.40993788819875776,
    "recall_by_item": 0.10963455149501661,
    "f1_by_item": 0.1730013106159895,
    "msg": "    designationcategory_exact_match  areaname_exact_match  regions_llm_judge  designationtime_exact_match  responsiblepublicbody_llm_judge  counties_llm_judge  website_llm_judge\n0                               0.0                   1.0                  1                          0.0                                1                   1                  0\n1                               0.0                   1.0                  1                          0.0                                1                   1                  0\n2                               0.0                   1.0                  1                          0.0                                1                   1                  0\n3                               0.0                   1.0                  1                          0.0                                1                   1                  0\n4                               0.0                   1.0                  1                          0.0                                1                   1                  0\n5                               0.0                   1.0                  1                          0.0                                1                   0                  0\n6                               0.0                   1.0                  1                          0.0                                1                   1                  0\n7                               0.0                   1.0                  1                          0.0                                1                   1                  0\n8                               0.0                   1.0                  1                          0.0                                1                   0                  0\n9                               0.0                   1.0                  1                          0.0                                1                   0                  0\n10                              0.0                   1.0                  1                          0.0                                1                   0                  0\n11                              0.0                   1.0                  1                          0.0                                1                   1                  0\n12                              0.0                   1.0                  1                          0.0                                1                   0                  0\n13                              0.0                   1.0                  1                          0.0                                1                   0                  0\n14                              0.0                   1.0                  1                          0.0                                1                   1                  0\n15                              0.0                   1.0                  1                          0.0                                1                   1                  0\n16                              0.0                   1.0                  1                          0.0                                1                   1                  0\n17                              0.0                   1.0                  1                          0.0                                1                   1                  0"
}