{
    "instance_id": "ws_en_037",
    "score": 0.0,
    "precision_by_row": 0.8,
    "recall_by_row": 0.3076923076923077,
    "f1_by_row": 0.4444444444444444,
    "precision_by_item": 0.9333333333333333,
    "recall_by_item": 0.358974358974359,
    "f1_by_item": 0.5185185185185185,
    "msg": "   season_llm_judge  couplemarriedattheshow_exact_match  status_exact_match\n0                 1                                 1.0                 1.0\n1                 1                                 1.0                 1.0\n2                 0                                 1.0                 1.0\n3                 1                                 1.0                 1.0\n4                 1                                 1.0                 1.0"
}