{
    "instance_id": "ws_zh_049",
    "score": 0.0,
    "precision_by_row": 0.0,
    "recall_by_row": 0.0,
    "f1_by_row": 0.0,
    "precision_by_item": 0.6,
    "recall_by_item": 0.15333333333333332,
    "f1_by_item": 0.24424778761061944,
    "msg": "    年份_exact_match  种类_exact_match  排名_exact_match  书籍_llm_judge  作者_llm_judge\n0              1.0             1.0             1.0             0             0\n1              1.0             1.0             1.0             0             0\n2              1.0             1.0             1.0             0             0\n3              1.0             1.0             1.0             0             0\n4              1.0             1.0             1.0             0             0\n5              1.0             1.0             1.0             0             0\n6              1.0             1.0             1.0             0             0\n7              1.0             1.0             1.0             0             0\n8              1.0             1.0             1.0             0             0\n9              1.0             1.0             1.0             0             0\n10             1.0             1.0             1.0             0             0\n11             1.0             1.0             1.0             0             0\n12             1.0             1.0             1.0             0             0\n13             1.0             1.0             1.0             0             0\n14             1.0             1.0             1.0             0             0\n15             1.0             1.0             1.0             0             0\n16             1.0             1.0             1.0             0             0\n17             1.0             1.0             1.0             0             0\n18             1.0             1.0             1.0             0             0\n19             1.0             1.0             1.0             0             0\n20             1.0             1.0             1.0             0             0\n21             1.0             1.0             1.0             0             0\n22             1.0             1.0             1.0             0             0"
}