{
    "instance_id": "ws_en_021",
    "score": 0.0,
    "precision_by_row": 0.125,
    "recall_by_row": 0.1,
    "f1_by_row": 0.11111111111111112,
    "precision_by_item": 0.6666666666666666,
    "recall_by_item": 0.5333333333333333,
    "f1_by_item": 0.5925925925925926,
    "msg": "   restaurant_exact_match  maincuisinestyle_llm_judge  address_llm_judge\n0                     1.0                           1                  0\n1                     1.0                           1                  0\n2                     1.0                           0                  0\n3                     1.0                           1                  0\n4                     1.0                           1                  0\n5                     1.0                           1                  0\n6                     1.0                           1                  1\n7                     1.0                           1                  0"
}