{
    "instance_id": "ws_en_088",
    "score": 0.0,
    "precision_by_row": 0.21428571428571427,
    "recall_by_row": 0.03,
    "f1_by_row": 0.05263157894736842,
    "precision_by_item": 0.5357142857142857,
    "recall_by_item": 0.075,
    "f1_by_item": 0.13157894736842105,
    "msg": "    year_exact_match  rank_exact_match  song_llm_judge  artist_llm_judge\n0                1.0               1.0               1                 1\n1                1.0               1.0               1                 1\n2                1.0               1.0               1                 1\n3                1.0               1.0               0                 0\n4                1.0               1.0               0                 0\n5                1.0               1.0               0                 0\n6                1.0               1.0               0                 0\n7                1.0               1.0               0                 0\n8                1.0               1.0               0                 0\n9                1.0               1.0               0                 0\n10               1.0               1.0               0                 0\n11               1.0               1.0               0                 0"
}