{
    "instance_id": "ws_en_002",
    "score": 0.0,
    "precision_by_row": 0.16666666666666666,
    "recall_by_row": 0.02631578947368421,
    "f1_by_row": 0.045454545454545456,
    "precision_by_item": 0.4166666666666667,
    "recall_by_item": 0.06578947368421052,
    "f1_by_item": 0.11363636363636363,
    "msg": "   brand_exact_match  product_exact_match  category_llm_judge  sub-category_llm_judge  packsize(bottle)_llm_judge  abv%_llm_judge\n0                1.0                  1.0                   1                       1                           1               1\n1                1.0                  1.0                   1                       0                           1               0\n2                1.0                  1.0                   1                       0                           1               1"
}