{
    "instance_id": "ws_zh_038",
    "score": 0.0,
    "precision_by_row": 0.10526315789473684,
    "recall_by_row": 0.047058823529411764,
    "f1_by_row": 0.06504065040650406,
    "precision_by_item": 0.21052631578947367,
    "recall_by_item": 0.09411764705882353,
    "f1_by_item": 0.13008130081300812,
    "msg": "   景区名称_exact_match  省份_llm_judge  认定年份_number_near\n0               1.0             1               0.0\n1               1.0             1               0.0\n2               1.0             1               0.0\n3               1.0             1               0.0\n4               1.0             1               0.0\n5               1.0             1               0.0\n6               1.0             1               1.0\n7               1.0             1               1.0\n8               1.0             1               1.0\n9               1.0             1               1.0"
}