{
    "instance_id": "ws_zh_084",
    "score": 0.0,
    "precision_by_row": 0.125,
    "recall_by_row": 0.025,
    "f1_by_row": 0.04166666666666667,
    "precision_by_item": 0.6875,
    "recall_by_item": 0.1375,
    "f1_by_item": 0.2291666666666667,
    "msg": "   年份_exact_match  平台类型_exact_match  用户规模（亿）_number_near  市场收入（亿元）_number_near\n0             1.0               1.0                  0.0                   0.0\n1             1.0               1.0                  0.0                   0.0\n2             1.0               1.0                  0.0                   0.0\n3             1.0               1.0                  1.0                   0.0\n4             1.0               1.0                  1.0                   0.0\n5             1.0               1.0                  1.0                   0.0\n6             1.0               1.0                  1.0                   1.0\n7             1.0               1.0                  0.0                   1.0"
}