{
    "instance_id": "ws_en_088",
    "score": 0.0,
    "precision_by_row": 0.5,
    "recall_by_row": 0.06,
    "f1_by_row": 0.10714285714285712,
    "precision_by_item": 0.7083333333333334,
    "recall_by_item": 0.085,
    "f1_by_item": 0.1517857142857143,
    "msg": "    year_exact_match  rank_exact_match  song_llm_judge  artist_llm_judge\n0                1.0               1.0               1                 1\n1                1.0               1.0               1                 1\n2                1.0               1.0               1                 1\n3                1.0               1.0               1                 1\n4                1.0               1.0               0                 0\n5                1.0               1.0               0                 0\n6                1.0               1.0               1                 1\n7                1.0               1.0               1                 1\n8                1.0               1.0               0                 0\n9                1.0               1.0               0                 0\n10               1.0               1.0               0                 0"
}