{
    "instance_id": "ws_en_037",
    "score": 0.0,
    "precision_by_row": 0.0,
    "recall_by_row": 0.0,
    "f1_by_row": 0.0,
    "precision_by_item": 0.5555555555555556,
    "recall_by_item": 0.2564102564102564,
    "f1_by_item": 0.3508771929824561,
    "msg": "   season_llm_judge  couplemarriedattheshow_exact_match  status_exact_match\n0                 0                                 1.0                 1.0\n1                 0                                 1.0                 1.0\n2                 1                                 1.0                 0.0\n3                 0                                 1.0                 1.0\n4                 0                                 1.0                 1.0"
}