{
    "instance_id": "ws_en_013",
    "score": 0.0,
    "precision_by_row": 0.09523809523809523,
    "recall_by_row": 0.01834862385321101,
    "f1_by_row": 0.03076923076923077,
    "precision_by_item": 0.1111111111111111,
    "recall_by_item": 0.021406727828746176,
    "f1_by_item": 0.035897435897435895,
    "msg": "   album_exact_match  releaseyear_exact_match  song_exact_match\n0                0.0                      0.0               1.0\n1                1.0                      1.0               1.0\n2                1.0                      1.0               1.0"
}