{
    "instance_id": "ws_en_010",
    "score": 0.0,
    "precision_by_row": 0.0,
    "recall_by_row": 0.0,
    "f1_by_row": 0.0,
    "precision_by_item": 0.15384615384615385,
    "recall_by_item": 0.046511627906976744,
    "f1_by_item": 0.07142857142857142,
    "msg": "   designationcategory_exact_match  areaname_exact_match  regions_llm_judge  designationtime_exact_match  responsiblepublicbody_llm_judge  counties_llm_judge  website_llm_judge\n0                              0.0                   1.0                  1                          0.0                                1                   1                  1\n1                              0.0                   1.0                  1                          0.0                                1                   1                  0\n2                              0.0                   1.0                  0                          0.0                                0                   1                  1\n3                              0.0                   1.0                  1                          0.0                                0                   1                  1\n4                              0.0                   1.0                  1                          0.0                                0                   1                  0\n5                              0.0                   1.0                  1                          0.0                                0                   1                  0\n6                              0.0                   1.0                  1                          0.0                                0                   1                  0\n7                              0.0                   1.0                  1                          0.0                                0                   1                  0"
}