{
    "instance_id": "ws_en_024",
    "score": 0.0,
    "precision_by_row": 0.0,
    "recall_by_row": 0.0,
    "f1_by_row": 0.0,
    "precision_by_item": 0.39880952380952384,
    "recall_by_item": 0.38285714285714284,
    "f1_by_item": 0.39067055393586,
    "msg": "    year_exact_match  champion_exact_match  hoststadium_exact_match  hostcity_exact_match  nielsenhhldrating_number_near  viewership(million)_number_near  half-timeshowsponsors_llm_judge\n0                1.0                   0.0                      0.0                   0.0                            0.0                              1.0                                0\n1                1.0                   1.0                      0.0                   0.0                            0.0                              1.0                                0\n2                1.0                   0.0                      0.0                   0.0                            0.0                              1.0                                1\n3                1.0                   1.0                      0.0                   0.0                            0.0                              1.0                                0\n4                1.0                   0.0                      0.0                   0.0                            0.0                              1.0                                0\n5                1.0                   0.0                      0.0                   0.0                            0.0                              1.0                                1\n6                1.0                   0.0                      0.0                   0.0                            0.0                              1.0                                1\n7                1.0                   1.0                      0.0                   0.0                            0.0                              0.0                                0\n8                1.0                   1.0                      0.0                   0.0                            1.0                              0.0                                1\n9                1.0                   0.0                      1.0                   0.0                            0.0                              0.0                                1\n10               1.0                   0.0                      0.0                   0.0                            1.0                              0.0                                1\n11               1.0                   0.0                      0.0                   0.0                            1.0                              0.0                                1\n12               1.0                   0.0                      0.0                   0.0                            1.0                              0.0                                1\n13               1.0                   0.0                      0.0                   0.0                            0.0                              0.0                                0\n14               1.0                   0.0                      0.0                   0.0                            0.0                              0.0                                1\n15               1.0                   0.0                      0.0                   0.0                            0.0                              0.0                                1\n16               1.0                   1.0                      0.0                   0.0                            0.0                              0.0                                1\n17               1.0                   0.0                      0.0                   0.0                            0.0                              1.0                                1\n18               1.0                   0.0                      0.0                   0.0                            0.0                              1.0                                1\n19               1.0                   0.0                      1.0                   1.0                            0.0                              1.0                                1\n20               1.0                   0.0                      0.0                   0.0                            0.0                              0.0                                1\n21               1.0                   0.0                      1.0                   1.0                            0.0                              0.0                                1\n22               1.0                   0.0                      0.0                   0.0                            0.0                              0.0                                1\n23               1.0                   1.0                      0.0                   0.0                            0.0                              0.0                                1"
}