{
    "instance_id": "ws_zh_074",
    "score": 0.0,
    "precision_by_row": 0.0,
    "recall_by_row": 0.0,
    "f1_by_row": 0.0,
    "precision_by_item": 0.25,
    "recall_by_item": 0.0049504950495049506,
    "f1_by_item": 0.009708737864077669,
    "msg": "   季数_number_near  公演次数_exact_match  节目名称_exact_match  参演姐姐_llm_judge  票数_exact_match\n0             0.0               0.0               1.0               0             0.0\n1             1.0               0.0               1.0               0             0.0\n2             0.0               0.0               1.0               0             0.0\n3             0.0               0.0               1.0               0             0.0"
}