{
    "instance_id": "ws_en_059",
    "score": 0.0,
    "precision_by_row": 0.0,
    "recall_by_row": 0.0,
    "f1_by_row": 0.0,
    "precision_by_item": 0.28846153846153844,
    "recall_by_item": 0.17857142857142858,
    "f1_by_item": 0.22058823529411764,
    "msg": "   awardyear_exact_match  laureate_exact_match  talktitle_llm_judge  eventcity_llm_judge\n0                    1.0                   1.0                    0                    0\n1                    0.0                   1.0                    1                    0\n2                    0.0                   1.0                    1                    0\n3                    0.0                   1.0                    0                    0\n4                    1.0                   1.0                    1                    0\n5                    1.0                   1.0                    0                    0\n6                    1.0                   1.0                    1                    0"
}