{
    "instance_id": "ws_en_004",
    "score": 0.0,
    "precision_by_row": 0.0,
    "recall_by_row": 0.0,
    "f1_by_row": 0.0,
    "precision_by_item": 0.7142857142857143,
    "recall_by_item": 0.21008403361344538,
    "f1_by_item": 0.3246753246753247,
    "msg": "   modelname_llm_judge  releasedate_exact_match  pre-installedos_llm_judge  processorbrand_exact_match  cpumodel_llm_judge  cpumanufacturingprocess_exact_match  cpucorecount_exact_match  screensize_llm_judge  resolution_llm_judge  batterycapacity_exact_match  ramsize_exact_match  storagesize_exact_match  highestcameraresolution_exact_match  launchprice(usd)_number_near\n0                    1                      1.0                          1                         1.0                   1                                  1.0                       0.0                     1                     0                          0.0                  1.0                      1.0                                  0.0                           0.0\n1                    1                      1.0                          1                         1.0                   1                                  1.0                       0.0                     1                     0                          1.0                  1.0                      1.0                                  0.0                           1.0\n2                    1                      1.0                          1                         1.0                   1                                  1.0                       0.0                     1                     0                          1.0                  1.0                      1.0                                  0.0                           1.0\n3                    1                      1.0                          1                         1.0                   1                                  1.0                       0.0                     0                     1                          0.0                  1.0                      1.0                                  0.0                           0.0\n4                    1                      1.0                          1                         1.0                   1                                  1.0                       0.0                     1                     1                          0.0                  1.0                      1.0                                  0.0                           0.0"
}