{
    "instance_id": "ws_zh_064",
    "score": 0.0,
    "precision_by_row": 0.0,
    "recall_by_row": 0.0,
    "f1_by_row": 0.0,
    "precision_by_item": 0.7083333333333334,
    "recall_by_item": 0.012108262108262107,
    "f1_by_item": 0.023809523809523808,
    "msg": "   所获奖项_llm_judge  作品名称_exact_match  作品体裁_llm_judge  作者名称_llm_judge  发表年份_number_near  刊登期刊/出版社_llm_judge\n0               1               1.0               1               1               0.0                   1\n1               1               1.0               1               1               0.0                   1\n2               1               1.0               1               0               0.0                   0\n3               0               1.0               1               1               1.0                   0"
}