{
    "instance_id": "ws_en_068",
    "score": 0.0,
    "precision_by_row": 0.0,
    "recall_by_row": 0.0,
    "f1_by_row": 0.0,
    "precision_by_item": 0.32,
    "recall_by_item": 0.05333333333333334,
    "f1_by_item": 0.09142857142857143,
    "msg": "   year_exact_match  booktitle_exact_match  author_llm_judge  firstpublisher_llm_judge  firstpublicationtime_exact_match\n0               0.0                    1.0                 1                         0                               0.0\n1               0.0                    1.0                 1                         0                               0.0\n2               0.0                    1.0                 1                         0                               0.0\n3               0.0                    1.0                 0                         0                               0.0\n4               0.0                    1.0                 0                         0                               0.0"
}