{
    "instance_id": "ws_en_002",
    "score": 0.0,
    "precision_by_row": 0.0,
    "recall_by_row": 0.0,
    "f1_by_row": 0.0,
    "precision_by_item": 0.20967741935483872,
    "recall_by_item": 0.17105263157894737,
    "f1_by_item": 0.1884057971014493,
    "msg": "   brand_exact_match  product_exact_match  category_llm_judge  sub-category_llm_judge  packsize(bottle)_llm_judge  abv%_llm_judge\n0                1.0                  1.0                   1                       0                           1               1\n1                1.0                  1.0                   1                       0                           1               0\n2                1.0                  1.0                   1                       0                           1               1\n3                1.0                  1.0                   1                       0                           1               1\n4                1.0                  1.0                   1                       0                           1               1\n5                1.0                  1.0                   1                       0                           1               1\n6                1.0                  1.0                   1                       0                           1               1\n7                1.0                  1.0                   1                       0                           1               1"
}