{
    "instance_id": "ws_zh_064",
    "score": 0.0,
    "precision_by_row": 0.0,
    "recall_by_row": 0.0,
    "f1_by_row": 0.0,
    "precision_by_item": 0.21428571428571427,
    "recall_by_item": 0.00641025641025641,
    "f1_by_item": 0.012448132780082987,
    "msg": "   所获奖项_llm_judge  作品名称_exact_match  作品体裁_llm_judge  作者名称_llm_judge  发表年份_number_near  刊登期刊/出版社_llm_judge\n0               1               1.0               1               1               0.0                   1\n1               1               1.0               1               1               0.0                   0"
}