{
    "instance_id": "ws_en_025",
    "score": 0.0,
    "precision_by_row": 0.3333333333333333,
    "recall_by_row": 0.16666666666666666,
    "f1_by_row": 0.2222222222222222,
    "precision_by_item": 0.6666666666666666,
    "recall_by_item": 0.3333333333333333,
    "f1_by_item": 0.4444444444444444,
    "msg": "   clinic_exact_match  county_exact_match  fulladdress_llm_judge  phonenumber_exact_match  saturdayoperationhours_llm_judge\n0                 1.0                 1.0                      0                      0.0                                 0\n1                 1.0                 1.0                      0                      0.0                                 1\n2                 1.0                 1.0                      1                      1.0                                 1"
}