{
    "instance_id": "ws_zh_039",
    "score": 0.0,
    "precision_by_row": 0.0,
    "recall_by_row": 0.0,
    "f1_by_row": 0.0,
    "precision_by_item": 0.23529411764705882,
    "recall_by_item": 0.07017543859649122,
    "f1_by_item": 0.1081081081081081,
    "msg": "    饭店名称_exact_match  市区_exact_match  星级标牌号_exact_match  具体地址_llm_judge\n0                1.0             0.0                0.0               0\n1                1.0             0.0                0.0               1\n2                1.0             0.0                0.0               0\n3                1.0             0.0                0.0               0\n4                1.0             0.0                0.0               0\n5                1.0             0.0                0.0               0\n6                1.0             0.0                0.0               0\n7                1.0             0.0                0.0               0\n8                1.0             0.0                0.0               0\n9                1.0             0.0                0.0               1\n10               1.0             0.0                0.0               0\n11               1.0             0.0                0.0               0\n12               1.0             0.0                0.0               0\n13               1.0             0.0                0.0               0"
}