{
    "instance_id": "ws_en_032",
    "score": 0.0,
    "precision_by_row": 0.0,
    "recall_by_row": 0.0,
    "f1_by_row": 0.0,
    "precision_by_item": 0.3055555555555556,
    "recall_by_item": 0.275,
    "f1_by_item": 0.2894736842105263,
    "msg": "   linenumber_exact_match  linename_llm_judge  totalstations_exact_match  termini_llm_judge\n0                     1.0                   0                        0.0                  0\n1                     1.0                   1                        0.0                  0\n2                     1.0                   0                        0.0                  0\n3                     1.0                   1                        0.0                  0\n4                     1.0                   0                        0.0                  0\n5                     1.0                   0                        0.0                  0\n6                     1.0                   0                        0.0                  0\n7                     1.0                   0                        0.0                  0\n8                     1.0                   0                        0.0                  0"
}