{
    "instance_id": "ws_en_094",
    "score": 0.0,
    "precision_by_row": 0.0,
    "recall_by_row": 0.0,
    "f1_by_row": 0.0,
    "precision_by_item": 0.11428571428571428,
    "recall_by_item": 0.0380952380952381,
    "f1_by_item": 0.057142857142857134,
    "msg": "   releaseyear_exact_match  title_exact_match  genre_llm_judge  director_llm_judge  leadactor/actress_llm_judge  totalboxoffice(billionsofkrw)_number_near  totaladmissions_number_near\n0                      0.0                1.0                0                   0                            0                                        0.0                          0.0\n1                      1.0                1.0                0                   1                            1                                        0.0                          0.0\n2                      0.0                1.0                0                   0                            0                                        0.0                          0.0\n3                      0.0                1.0                0                   1                            1                                        0.0                          0.0\n4                      0.0                1.0                0                   1                            1                                        0.0                          0.0"
}