{
    "instance_id": "ws_zh_026",
    "score": 0.0,
    "precision_by_row": 0.047619047619047616,
    "recall_by_row": 0.006060606060606061,
    "f1_by_row": 0.010752688172043012,
    "precision_by_item": 0.047619047619047616,
    "recall_by_item": 0.006060606060606061,
    "f1_by_item": 0.010752688172043012,
    "msg": "   软科世界一流学科_exact_match  软科学科2024排名_exact_match  学校名称_exact_match  qs学校2025排名_exact_match\n0                   1.0                     1.0               1.0                     1.0"
}