{
    "instance_id": "ws_en_057",
    "score": 0.0,
    "precision_by_row": 0.0,
    "recall_by_row": 0.0,
    "f1_by_row": 0.0,
    "precision_by_item": 0.2375,
    "recall_by_item": 0.18269230769230768,
    "f1_by_item": 0.2065217391304348,
    "msg": "    filmtitle_exact_match  releasedate_date_near  nominations_llm_judge  awards_llm_judge\n0                     1.0                    0.0                      0                 0\n1                     1.0                    0.0                      0                 1\n2                     1.0                    0.0                      0                 1\n3                     1.0                    0.0                      0                 1\n4                     1.0                    0.0                      0                 0\n5                     1.0                    0.0                      0                 1\n6                     1.0                    1.0                      0                 0\n7                     1.0                    0.0                      0                 0\n8                     1.0                    1.0                      0                 0\n9                     1.0                    1.0                      0                 0\n10                    1.0                    1.0                      0                 0"
}