{
    "instance_id": "ws_en_054",
    "score": 0.0,
    "precision_by_row": 0.0,
    "recall_by_row": 0.0,
    "f1_by_row": 0.0,
    "precision_by_item": 0.28888888888888886,
    "recall_by_item": 0.1625,
    "f1_by_item": 0.20800000000000002,
    "msg": "   project_exact_match  state_llm_judge  startyear_llm_judge  completionyear_exact_match  finaltotalcost_number_near\n0                  1.0                1                    0                         0.0                         0.0\n1                  1.0                0                    0                         0.0                         0.0\n2                  1.0                1                    0                         0.0                         0.0\n3                  1.0                1                    0                         0.0                         0.0\n4                  1.0                1                    0                         1.0                         0.0\n5                  1.0                1                    0                         1.0                         0.0"
}