{
    "instance_id": "ws_en_071",
    "score": 0.0,
    "precision_by_row": 0.0,
    "recall_by_row": 0.0,
    "f1_by_row": 0.0,
    "precision_by_item": 0.5208333333333334,
    "recall_by_item": 0.20833333333333334,
    "f1_by_item": 0.2976190476190476,
    "msg": "    year_exact_match  rank_exact_match  name_exact_match  networth(inusdbillions)_number_near  age_exact_match  sourceofwealth_llm_judge\n0                1.0               1.0               1.0                                  0.0              0.0                         1\n1                1.0               1.0               1.0                                  0.0              0.0                         1\n2                1.0               1.0               1.0                                  0.0              0.0                         1\n3                1.0               1.0               1.0                                  0.0              0.0                         1\n4                1.0               0.0               1.0                                  0.0              0.0                         1\n5                1.0               1.0               1.0                                  0.0              0.0                         1\n6                1.0               1.0               1.0                                  1.0              0.0                         1\n7                1.0               1.0               1.0                                  0.0              0.0                         1\n8                1.0               0.0               1.0                                  0.0              0.0                         1\n9                1.0               0.0               1.0                                  0.0              0.0                         1\n10               1.0               0.0               1.0                                  0.0              0.0                         1\n11               1.0               1.0               1.0                                  0.0              0.0                         1\n12               1.0               0.0               1.0                                  1.0              0.0                         1\n13               1.0               0.0               1.0                                  0.0              0.0                         1\n14               1.0               1.0               1.0                                  0.0              0.0                         1\n15               1.0               0.0               1.0                                  0.0              0.0                         1\n16               1.0               1.0               1.0                                  0.0              0.0                         1\n17               1.0               0.0               1.0                                  0.0              0.0                         1\n18               1.0               0.0               1.0                                  0.0              0.0                         1\n19               1.0               0.0               1.0                                  0.0              0.0                         1\n20               1.0               0.0               1.0                                  0.0              0.0                         1"
}