{
    "instance_id": "ws_en_037",
    "score": 0.0,
    "precision_by_row": 0.14285714285714285,
    "recall_by_row": 0.07692307692307693,
    "f1_by_row": 0.1,
    "precision_by_item": 0.6190476190476191,
    "recall_by_item": 0.3333333333333333,
    "f1_by_item": 0.43333333333333335,
    "msg": "   season_llm_judge  couplemarriedattheshow_exact_match  status_exact_match\n0                 1                                 1.0                 1.0\n1                 0                                 1.0                 1.0\n2                 1                                 1.0                 0.0\n3                 0                                 1.0                 1.0\n4                 0                                 1.0                 0.0\n5                 0                                 1.0                 1.0\n6                 0                                 1.0                 0.0"
}