{
    "instance_id": "ws_en_100",
    "score": 0.0,
    "precision_by_row": 0.0,
    "recall_by_row": 0.0,
    "f1_by_row": 0.0,
    "precision_by_item": 0.453125,
    "recall_by_item": 0.17261904761904762,
    "f1_by_item": 0.24999999999999994,
    "msg": "   name_exact_match  position_exact_match  tenurestartdate_exact_match  tenureenddate_exact_match  nominatingpresident_llm_judge  president’sparty_llm_judge  ideologicalleaning_exact_match  previousposition_llm_judge\n0               1.0                   1.0                          0.0                        0.0                              1                           1                             0.0                           0\n1               1.0                   1.0                          0.0                        0.0                              0                           1                             1.0                           0\n2               1.0                   1.0                          0.0                        0.0                              0                           0                             0.0                           1\n3               1.0                   1.0                          0.0                        0.0                              1                           1                             0.0                           0\n4               1.0                   1.0                          0.0                        0.0                              1                           0                             0.0                           0\n5               1.0                   1.0                          0.0                        0.0                              1                           1                             0.0                           0\n6               1.0                   1.0                          0.0                        0.0                              1                           1                             0.0                           0\n7               1.0                   1.0                          0.0                        1.0                              0                           0                             0.0                           0"
}