{
    "instance_id": "ws_en_020",
    "score": 0.0,
    "precision_by_row": 0.0,
    "recall_by_row": 0.0,
    "f1_by_row": 0.0,
    "precision_by_item": 0.6111111111111112,
    "recall_by_item": 0.09053497942386832,
    "f1_by_item": 0.15770609318996415,
    "msg": "    country_llm_judge  nameoftheheritagesite_exact_match  typeofheritage_llm_judge  location_llm_judge  area_number_near  yearofrecognition_exact_match\n0                   1                                1.0                         1                   0               0.0                            1.0\n1                   1                                1.0                         0                   1               0.0                            0.0\n2                   1                                1.0                         1                   0               0.0                            1.0\n3                   1                                1.0                         1                   0               0.0                            0.0\n4                   1                                1.0                         1                   0               0.0                            1.0\n5                   1                                1.0                         1                   0               0.0                            0.0\n6                   1                                1.0                         1                   0               0.0                            1.0\n7                   1                                1.0                         1                   0               0.0                            1.0\n8                   1                                1.0                         1                   0               0.0                            1.0\n9                   1                                1.0                         1                   0               0.0                            0.0\n10                  1                                1.0                         1                   0               0.0                            1.0\n11                  1                                1.0                         1                   0               0.0                            1.0"
}