{
    "instance_id": "ws_en_006",
    "score": 0.0,
    "precision_by_row": 0.0,
    "recall_by_row": 0.0,
    "f1_by_row": 0.0,
    "precision_by_item": 0.018604651162790697,
    "recall_by_item": 0.00149812734082397,
    "f1_by_item": 0.0027729636048526864,
    "msg": "   date_exact_match  theconcert’senglishname_exact_match  hostcountry_exact_match  hostcity_llm_judge  hostvenue_llm_judge\n0               1.0                                  0.0                      1.0                   0                    0\n1               1.0                                  0.0                      0.0                   0                    0\n2               1.0                                  0.0                      0.0                   0                    0"
}