{
    "instance_id": "ws_en_026",
    "score": 0.0,
    "precision_by_row": 0.1935483870967742,
    "recall_by_row": 0.12,
    "f1_by_row": 0.14814814814814814,
    "precision_by_item": 0.6903225806451613,
    "recall_by_item": 0.428,
    "f1_by_item": 0.528395061728395,
    "msg": "    state_exact_match  numberofcongressionaldistricts_exact_match  numberofelectors_exact_match  governor(party)_llm_judge  senator1(party)&senator2(party)_llm_judge\n0                 1.0                                         1.0                           1.0                          1                                          1\n1                 1.0                                         0.0                           1.0                          1                                          1\n2                 1.0                                         0.0                           1.0                          0                                          0\n3                 1.0                                         0.0                           1.0                          0                                          1\n4                 1.0                                         0.0                           0.0                          1                                          0\n5                 1.0                                         0.0                           0.0                          1                                          1\n6                 1.0                                         1.0                           1.0                          1                                          1\n7                 1.0                                         0.0                           1.0                          0                                          0\n8                 1.0                                         0.0                           0.0                          1                                          1\n9                 1.0                                         1.0                           1.0                          1                                          1\n10                1.0                                         0.0                           1.0                          0                                          0\n11                1.0                                         0.0                           0.0                          1                                          1\n12                1.0                                         0.0                           0.0                          1                                          0\n13                1.0                                         1.0                           1.0                          1                                          0\n14                1.0                                         0.0                           1.0                          1                                          0\n15                1.0                                         1.0                           1.0                          1                                          0\n16                1.0                                         1.0                           1.0                          1                                          1\n17                1.0                                         0.0                           0.0                          0                                          1\n18                1.0                                         1.0                           1.0                          1                                          1\n19                1.0                                         1.0                           1.0                          0                                          1\n20                1.0                                         1.0                           1.0                          0                                          1\n21                1.0                                         0.0                           0.0                          1                                          1\n22                1.0                                         0.0                           0.0                          1                                          1\n23                1.0                                         0.0                           1.0                          1                                          0\n24                1.0                                         1.0                           1.0                          1                                          0\n25                1.0                                         0.0                           0.0                          1                                          1\n26                1.0                                         1.0                           0.0                          0                                          0\n27                1.0                                         1.0                           1.0                          0                                          1\n28                1.0                                         0.0                           1.0                          1                                          1\n29                1.0                                         1.0                           1.0                          1                                          1\n30                1.0                                         1.0                           1.0                          1                                          0"
}