{
    "instance_id": "ws_zh_056",
    "score": 0.0,
    "precision_by_row": 0.0,
    "recall_by_row": 0.0,
    "f1_by_row": 0.0,
    "precision_by_item": 0.10833333333333334,
    "recall_by_item": 0.203125,
    "f1_by_item": 0.14130434782608697,
    "msg": "   学校名称_llm_judge  院士姓名_exact_match  出生年份_number_near  获得奖项_llm_judge\n0               0               1.0               0.0               0\n1               0               1.0               0.0               1\n2               0               1.0               0.0               0\n3               1               1.0               1.0               0\n4               1               1.0               0.0               1\n5               1               1.0               0.0               1"
}