{
    "instance_id": "ws_zh_032",
    "score": 0.0,
    "precision_by_row": 0.0,
    "recall_by_row": 0.0,
    "f1_by_row": 0.0,
    "precision_by_item": 0.61,
    "recall_by_item": 0.050833333333333335,
    "f1_by_item": 0.09384615384615386,
    "msg": "    年月_exact_match  地区_exact_match  机场名_llm_judge  排名_exact_match  旅客吞吐量_number_near\n0              1.0             1.0              1             1.0                0.0\n1              1.0             1.0              0             1.0                0.0\n2              1.0             1.0              0             1.0                0.0\n3              1.0             1.0              0             1.0                0.0\n4              1.0             1.0              0             1.0                0.0\n5              1.0             1.0              0             1.0                0.0\n6              1.0             1.0              0             1.0                0.0\n7              1.0             1.0              0             1.0                0.0\n8              1.0             1.0              0             1.0                0.0\n9              1.0             1.0              0             1.0                0.0\n10             1.0             1.0              0             1.0                0.0\n11             1.0             1.0              0             1.0                0.0\n12             1.0             1.0              0             1.0                0.0\n13             1.0             1.0              0             1.0                0.0\n14             1.0             1.0              0             1.0                0.0\n15             1.0             1.0              0             1.0                0.0\n16             1.0             1.0              0             1.0                0.0\n17             1.0             1.0              0             1.0                0.0\n18             1.0             1.0              0             1.0                0.0\n19             1.0             1.0              0             1.0                0.0"
}