{
    "instance_id": "ws_zh_039",
    "score": 0.0,
    "precision_by_row": 0.0,
    "recall_by_row": 0.0,
    "f1_by_row": 0.0,
    "precision_by_item": 0.21153846153846154,
    "recall_by_item": 0.04824561403508772,
    "f1_by_item": 0.07857142857142856,
    "msg": "   饭店名称_exact_match  市区_exact_match  星级标牌号_exact_match  具体地址_llm_judge\n0               1.0             0.0                0.0               1\n1               1.0             0.0                0.0               0\n2               1.0             0.0                0.0               0\n3               1.0             0.0                0.0               0\n4               1.0             0.0                0.0               0\n5               1.0             0.0                0.0               0\n6               1.0             0.0                0.0               0\n7               1.0             0.0                0.0               0\n8               1.0             0.0                0.0               0\n9               1.0             0.0                0.0               0"
}