{
    "instance_id": "ws_en_083",
    "score": 0.0,
    "precision_by_row": 0.0,
    "recall_by_row": 0.0,
    "f1_by_row": 0.0,
    "precision_by_item": 0.5111111111111111,
    "recall_by_item": 0.6133333333333333,
    "f1_by_item": 0.5575757575757575,
    "msg": "    league_exact_match  season_exact_match  championclub_llm_judge  mvpplayer_llm_judge  club_llm_judge  rating_exact_match\n0                  1.0                 1.0                       1                    1               1                 0.0\n1                  1.0                 1.0                       1                    0               1                 0.0\n2                  1.0                 1.0                       1                    0               1                 0.0\n3                  1.0                 1.0                       0                    0               1                 0.0\n4                  1.0                 1.0                       1                    0               1                 0.0\n5                  1.0                 1.0                       0                    0               0                 0.0\n6                  1.0                 1.0                       1                    1               1                 0.0\n7                  1.0                 1.0                       1                    0               1                 0.0\n8                  1.0                 1.0                       1                    1               1                 0.0\n9                  1.0                 1.0                       1                    0               1                 0.0\n10                 1.0                 1.0                       0                    0               0                 0.0\n11                 1.0                 1.0                       0                    0               0                 0.0\n12                 1.0                 1.0                       0                    0               0                 0.0\n13                 1.0                 1.0                       0                    0               0                 0.0\n14                 1.0                 1.0                       0                    0               0                 0.0\n15                 1.0                 1.0                       0                    0               0                 0.0\n16                 1.0                 1.0                       1                    0               1                 0.0\n17                 1.0                 1.0                       0                    0               0                 0.0\n18                 1.0                 1.0                       1                    0               1                 0.0\n19                 1.0                 1.0                       0                    0               0                 0.0\n20                 1.0                 1.0                       1                    0               0                 0.0\n21                 1.0                 1.0                       0                    0               0                 0.0\n22                 1.0                 1.0                       1                    0               1                 0.0\n23                 1.0                 1.0                       1                    0               1                 0.0\n24                 1.0                 1.0                       1                    1               1                 0.0\n25                 1.0                 1.0                       0                    0               0                 0.0\n26                 1.0                 1.0                       0                    0               0                 0.0\n27                 1.0                 1.0                       0                    0               0                 0.0\n28                 1.0                 1.0                       0                    0               0                 0.0\n29                 1.0                 1.0                       0                    0               0                 0.0"
}