{
    "instance_id": "ws_en_085",
    "score": 0.0,
    "precision_by_row": 1.0,
    "recall_by_row": 0.047619047619047616,
    "f1_by_row": 0.0909090909090909,
    "precision_by_item": 1.0,
    "recall_by_item": 0.047619047619047616,
    "f1_by_item": 0.0909090909090909,
    "msg": "   title_exact_match  director_llm_judge  genre_llm_judge  country/regionofproduction_llm_judge  runtime_llm_judge\n0                1.0                   1                1                                     1                  1"
}