{
    "instance_id": "ws_zh_093",
    "score": 0.0,
    "precision_by_row": 0.0,
    "recall_by_row": 0.0,
    "f1_by_row": 0.0,
    "precision_by_item": 0.15625,
    "recall_by_item": 0.021551724137931036,
    "f1_by_item": 0.03787878787878788,
    "msg": "   学校名称_exact_match  创办时间_llm_judge  校训_llm_judge  详细地址_llm_judge\n0               1.0               1             0               0\n1               1.0               0             0               0\n2               1.0               1             0               0"
}