{
    "instance_id": "ws_en_006",
    "score": 0.0,
    "precision_by_row": 0.0,
    "recall_by_row": 0.0,
    "f1_by_row": 0.0,
    "precision_by_item": 0.2581818181818182,
    "recall_by_item": 0.02659176029962547,
    "f1_by_item": 0.048217317487266556,
    "msg": "    date_exact_match  theconcert’senglishname_exact_match  hostcountry_exact_match  hostcity_llm_judge  hostvenue_llm_judge\n0                1.0                                  1.0                      1.0                   0                    0\n1                1.0                                  1.0                      1.0                   0                    0\n2                1.0                                  1.0                      1.0                   0                    0\n3                1.0                                  1.0                      1.0                   0                    0\n4                1.0                                  1.0                      1.0                   0                    0\n5                1.0                                  1.0                      1.0                   0                    0\n6                1.0                                  1.0                      1.0                   0                    0\n7                1.0                                  1.0                      1.0                   0                    0\n8                1.0                                  1.0                      0.0                   0                    0\n9                1.0                                  1.0                      0.0                   0                    0\n10               1.0                                  1.0                      0.0                   0                    0\n11               1.0                                  1.0                      1.0                   0                    0\n12               1.0                                  1.0                      1.0                   0                    0\n13               1.0                                  1.0                      1.0                   0                    0\n14               1.0                                  0.0                      1.0                   0                    0\n15               1.0                                  0.0                      1.0                   0                    0\n16               1.0                                  0.0                      1.0                   0                    0\n17               1.0                                  0.0                      1.0                   0                    0\n18               1.0                                  0.0                      1.0                   0                    0\n19               1.0                                  0.0                      0.0                   1                    0\n20               1.0                                  0.0                      0.0                   0                    0\n21               1.0                                  0.0                      0.0                   0                    0\n22               1.0                                  0.0                      0.0                   0                    0\n23               1.0                                  0.0                      0.0                   0                    0\n24               1.0                                  0.0                      1.0                   0                    0\n25               1.0                                  0.0                      1.0                   0                    0\n26               1.0                                  0.0                      0.0                   0                    0\n27               1.0                                  0.0                      0.0                   0                    0\n28               1.0                                  0.0                      0.0                   0                    0\n29               1.0                                  0.0                      0.0                   0                    0\n30               1.0                                  0.0                      0.0                   0                    0\n31               1.0                                  0.0                      0.0                   0                    0\n32               1.0                                  0.0                      0.0                   0                    0\n33               1.0                                  0.0                      1.0                   0                    0\n34               1.0                                  0.0                      1.0                   0                    0\n35               1.0                                  0.0                      0.0                   0                    0"
}