{
    "instance_id": "ws_zh_006",
    "score": 0.0,
    "precision_by_row": 0.0,
    "recall_by_row": 0.0,
    "f1_by_row": 0.0,
    "precision_by_item": 0.8333333333333334,
    "recall_by_item": 0.008771929824561403,
    "f1_by_item": 0.01736111111111111,
    "msg": "   品牌_exact_match  产品系列_llm_judge  产品名称_exact_match  香型_exact_match  规格(/瓶)_llm_judge  酒精度_llm_judge\n0             1.0               0               1.0             1.0                 1              1\n1             1.0               0               1.0             1.0                 1              1\n2             1.0               0               1.0             1.0                 1              1"
}