{
    "instance_id": "ws_en_085",
    "score": 0.0,
    "precision_by_row": 0.16666666666666666,
    "recall_by_row": 0.047619047619047616,
    "f1_by_row": 0.07407407407407407,
    "precision_by_item": 0.7333333333333333,
    "recall_by_item": 0.20952380952380953,
    "f1_by_item": 0.32592592592592595,
    "msg": "   title_exact_match  director_llm_judge  genre_llm_judge  country/regionofproduction_llm_judge  runtime_llm_judge\n0                1.0                   0                1                                     0                  0\n1                1.0                   1                1                                     1                  1\n2                1.0                   1                1                                     1                  0\n3                1.0                   1                1                                     1                  0\n4                1.0                   1                1                                     1                  0\n5                1.0                   0                1                                     1                  0"
}