{
  "score": {
    "avg_n": 0.0,
    "max_n": 0.0,
    "min_n": 0.0
  },
  "precision_by_row": {
    "avg_n": 0.012073550506275463,
    "max_n": 0.03377288866104656,
    "min_n": 0.0008333333333333333
  },
  "recall_by_row": {
    "avg_n": 0.0030734346790968464,
    "max_n": 0.009753094498220233,
    "min_n": 0.0002380952380952381
  },
  "f1_by_row": {
    "avg_n": 0.004088833245958273,
    "max_n": 0.012378319701327817,
    "min_n": 0.00037037037037037035
  },
  "precision_by_item": {
    "avg_n": 0.08573425640795614,
    "max_n": 0.19154560948222318,
    "min_n": 0.01563809523809524
  },
  "recall_by_item": {
    "avg_n": 0.03719602795908385,
    "max_n": 0.08328385735877106,
    "min_n": 0.007228488372093023
  },
  "f1_by_item": {
    "avg_n": 0.04407311451745576,
    "max_n": 0.0980216154065932,
    "min_n": 0.008245310439167302
  }
}