{
    "instance_id": "ws_en_021",
    "score": 0.0,
    "precision_by_row": 0.9,
    "recall_by_row": 0.9,
    "f1_by_row": 0.9,
    "precision_by_item": 0.9666666666666667,
    "recall_by_item": 0.9666666666666667,
    "f1_by_item": 0.9666666666666667,
    "msg": "   restaurant_exact_match  maincuisinestyle_llm_judge  address_llm_judge\n0                     1.0                           1                  0\n1                     1.0                           1                  1\n2                     1.0                           1                  1\n3                     1.0                           1                  1\n4                     1.0                           1                  1\n5                     1.0                           1                  1\n6                     1.0                           1                  1\n7                     1.0                           1                  1\n8                     1.0                           1                  1\n9                     1.0                           1                  1"
}