{
    "instance_id": "ws_en_012",
    "score": 0.0,
    "precision_by_row": 0.0,
    "recall_by_row": 0.0,
    "f1_by_row": 0.0,
    "precision_by_item": 0.6296296296296297,
    "recall_by_item": 0.2361111111111111,
    "f1_by_item": 0.3434343434343435,
    "msg": "   yearofaward_exact_match  fullname_llm_judge  gender_exact_match  dateofbirth_date_near  countryofbirth_llm_judge  university_llm_judge  devotedcountry_llm_judge  background/occupation_llm_judge  majorcontributions_llm_judge\n0                      1.0                   1                 1.0                    0.0                         1                     0                         0                                1                             1\n1                      1.0                   1                 1.0                    0.0                         1                     1                         1                                1                             1\n2                      1.0                   1                 1.0                    0.0                         1                     0                         1                                1                             1\n3                      1.0                   1                 1.0                    0.0                         1                     0                         1                                0                             0\n4                      1.0                   1                 1.0                    0.0                         1                     1                         1                                1                             1"
}