{
    "instance_id": "ws_zh_087",
    "score": 0.0,
    "precision_by_row": 0.42857142857142855,
    "recall_by_row": 0.06,
    "f1_by_row": 0.10526315789473684,
    "precision_by_item": 0.7142857142857143,
    "recall_by_item": 0.1,
    "f1_by_item": 0.1754385964912281,
    "msg": "   年份_exact_match  居民类别_exact_match  人均可支配收入(元)_number_near  人均消费支出(元)_number_near\n0             1.0               1.0                     1.0                    0.0\n1             1.0               1.0                     1.0                    1.0\n2             1.0               1.0                     1.0                    0.0\n3             1.0               1.0                     1.0                    1.0\n4             1.0               1.0                     1.0                    1.0\n5             1.0               1.0                     0.0                    0.0"
}