{
    "instance_id": "ws_zh_044",
    "score": 0.0,
    "precision_by_row": 0.5,
    "recall_by_row": 0.05263157894736842,
    "f1_by_row": 0.09523809523809525,
    "precision_by_item": 0.625,
    "recall_by_item": 0.06578947368421052,
    "f1_by_item": 0.11904761904761904,
    "msg": "   举办时期_llm_judge  展会全称_exact_match  展馆名称_llm_judge  展馆详细地址_llm_judge  主办单位_llm_judge  承办单位_llm_judge\n0               0               1.0               0                 0               0               0\n1               1               1.0               1                 1               1               1\n2               1               1.0               1                 1               1               1\n3               0               1.0               0                 1               0               0"
}