{
    "instance_id": "ws_zh_064",
    "score": 0.0,
    "precision_by_row": 0.16666666666666666,
    "recall_by_row": 0.008547008547008548,
    "f1_by_row": 0.016260162601626018,
    "precision_by_item": 0.4166666666666667,
    "recall_by_item": 0.021367521367521368,
    "f1_by_item": 0.04065040650406504,
    "msg": "   所获奖项_llm_judge  作品名称_exact_match  作品体裁_llm_judge  作者名称_llm_judge  发表年份_number_near  刊登期刊/出版社_llm_judge\n0               1               1.0               1               1               1.0                   1\n1               1               1.0               1               1               0.0                   1\n2               1               1.0               1               1               0.0                   1\n3               1               1.0               1               0               0.0                   0\n4               1               1.0               1               1               1.0                   1\n5               1               1.0               1               1               0.0                   1"
}