{
    "instance_id": "ws_en_089",
    "score": 0.0,
    "precision_by_row": 0.2,
    "recall_by_row": 0.1,
    "f1_by_row": 0.13333333333333333,
    "precision_by_item": 0.73,
    "recall_by_item": 0.365,
    "f1_by_item": 0.48666666666666664,
    "msg": "    product_exact_match  launchyear_exact_match  capacity_llm_judge  launchprice(usd)_llm_judge  corenewtechnologies/features_llm_judge\n0                   1.0                     1.0                   1                           1                                       1\n1                   1.0                     1.0                   1                           1                                       0\n2                   1.0                     1.0                   1                           1                                       1\n3                   1.0                     1.0                   1                           1                                       1\n4                   1.0                     1.0                   1                           0                                       0\n5                   1.0                     1.0                   1                           0                                       0\n6                   1.0                     1.0                   1                           1                                       0\n7                   1.0                     1.0                   1                           0                                       0\n8                   1.0                     1.0                   1                           0                                       1\n9                   1.0                     1.0                   1                           0                                       0\n10                  1.0                     1.0                   1                           1                                       1\n11                  1.0                     1.0                   1                           1                                       0\n12                  1.0                     1.0                   1                           1                                       0\n13                  1.0                     1.0                   1                           0                                       0\n14                  1.0                     1.0                   1                           0                                       1\n15                  1.0                     1.0                   1                           0                                       0\n16                  1.0                     1.0                   1                           0                                       0\n17                  1.0                     1.0                   1                           0                                       0\n18                  1.0                     1.0                   1                           0                                       0\n19                  1.0                     0.0                   1                           0                                       0"
}