{
    "instance_id": "ws_en_057",
    "score": 0.0,
    "precision_by_row": 0.11764705882352941,
    "recall_by_row": 0.07692307692307693,
    "f1_by_row": 0.0930232558139535,
    "precision_by_item": 0.6029411764705882,
    "recall_by_item": 0.3942307692307692,
    "f1_by_item": 0.4767441860465116,
    "msg": "    filmtitle_exact_match  releasedate_date_near  nominations_llm_judge  awards_llm_judge\n0                     1.0                    1.0                      0                 1\n1                     1.0                    1.0                      0                 1\n2                     1.0                    1.0                      0                 0\n3                     1.0                    1.0                      1                 0\n4                     1.0                    1.0                      0                 1\n5                     1.0                    1.0                      0                 0\n6                     1.0                    1.0                      0                 0\n7                     1.0                    1.0                      0                 0\n8                     1.0                    0.0                      1                 0\n9                     1.0                    1.0                      1                 1\n10                    1.0                    1.0                      0                 0\n11                    1.0                    1.0                      1                 1\n12                    1.0                    1.0                      0                 1\n13                    1.0                    1.0                      1                 0\n14                    1.0                    1.0                      1                 0"
}