{
    "instance_id": "ws_zh_089",
    "score": 0.0,
    "precision_by_row": 0.1,
    "recall_by_row": 0.02564102564102564,
    "f1_by_row": 0.04081632653061225,
    "precision_by_item": 0.8333333333333334,
    "recall_by_item": 0.21367521367521367,
    "f1_by_item": 0.3401360544217687,
    "msg": "   学校名称_exact_match  建校年份_exact_match  主管部门_llm_judge  学校官网地址_llm_judge  2025中国校友会排行榜名次_exact_match  2026qs世界大学排名名次_exact_match\n0               1.0               1.0               1                 1                         1.0                         0.0\n1               1.0               1.0               1                 1                         1.0                         0.0\n2               1.0               1.0               1                 1                         1.0                         0.0\n3               1.0               1.0               1                 1                         1.0                         0.0\n4               1.0               1.0               0                 1                         1.0                         0.0\n5               1.0               1.0               1                 1                         1.0                         0.0\n6               1.0               1.0               1                 1                         1.0                         0.0\n7               1.0               1.0               1                 1                         1.0                         0.0\n8               1.0               1.0               1                 1                         1.0                         0.0\n9               1.0               1.0               1                 1                         1.0                         1.0"
}