{
    "instance_id": "ws_zh_047",
    "score": 0.0,
    "precision_by_row": 0.0,
    "recall_by_row": 0.0,
    "f1_by_row": 0.0,
    "precision_by_item": 0.4,
    "recall_by_item": 0.038461538461538464,
    "f1_by_item": 0.07017543859649124,
    "msg": "   国家_exact_match  首都_llm_judge  面积（平方公里）_number_near  人口密度（人/平方公里）_number_near  总人口（万）_number_near  商品贸易（gdp的百分比）_number_near\n0             1.0             0                   1.0                       0.0                 0.0                        0.0\n1             1.0             1                   1.0                       0.0                 1.0                        0.0\n2             1.0             0                   1.0                       0.0                 0.0                        0.0\n3             1.0             0                   1.0                       0.0                 0.0                        0.0\n4             1.0             0                   1.0                       0.0                 0.0                        0.0"
}