{
    "instance_id": "ws_zh_004",
    "score": 0.0,
    "precision_by_row": 0.5,
    "recall_by_row": 0.03333333333333333,
    "f1_by_row": 0.0625,
    "precision_by_item": 0.7083333333333334,
    "recall_by_item": 0.04722222222222222,
    "f1_by_item": 0.08854166666666667,
    "msg": "   年度_exact_match  排名_exact_match  姓名（中文）_llm_judge  姓名（英文）_llm_judge  财富值（亿美元）_number_near  财富来源_llm_judge\n0             1.0             1.0                 1                 1                   1.0               1\n1             1.0             1.0                 1                 1                   1.0               1\n2             1.0             1.0                 1                 1                   1.0               0"
}