{
    "instance_id": "ws_en_053",
    "score": 0.0,
    "precision_by_row": 0.0,
    "recall_by_row": 0.0,
    "f1_by_row": 0.0,
    "precision_by_item": 0.20833333333333334,
    "recall_by_item": 0.030120481927710843,
    "f1_by_item": 0.05263157894736842,
    "msg": "   reactorname_exact_match  country_llm_judge  reactortype_llm_judge  netcapacity(mw)_number_near  constructionstartyear_exact_match  firstgridconnectiondate_date_near  commercialoperationdate_date_near  currentstatus_llm_judge\n0                      1.0                  1                      0                          0.0                                0.0                                0.0                                0.0                        1\n1                      1.0                  1                      1                          0.0                                0.0                                0.0                                0.0                        1\n2                      1.0                  1                      1                          0.0                                0.0                                0.0                                0.0                        1\n3                      1.0                  1                      1                          0.0                                0.0                                1.0                                0.0                        1\n4                      1.0                  1                      1                          0.0                                0.0                                0.0                                0.0                        1"
}