{
    "instance_id": "ws_zh_047",
    "score": 0.0,
    "precision_by_row": 0.0,
    "recall_by_row": 0.0,
    "f1_by_row": 0.0,
    "precision_by_item": 0.4930555555555556,
    "recall_by_item": 0.22756410256410256,
    "f1_by_item": 0.31140350877192985,
    "msg": "    国家_exact_match  首都_llm_judge  面积（平方公里）_number_near  人口密度（人/平方公里）_number_near  总人口（万）_number_near  商品贸易（gdp的百分比）_number_near\n0              1.0             1                   1.0                       0.0                 0.0                        0.0\n1              1.0             1                   1.0                       0.0                 0.0                        0.0\n2              1.0             1                   1.0                       0.0                 0.0                        0.0\n3              1.0             1                   1.0                       0.0                 0.0                        0.0\n4              1.0             0                   1.0                       0.0                 0.0                        0.0\n5              1.0             1                   1.0                       0.0                 0.0                        0.0\n6              1.0             1                   1.0                       0.0                 0.0                        0.0\n7              1.0             1                   1.0                       0.0                 0.0                        0.0\n8              1.0             1                   1.0                       0.0                 1.0                        1.0\n9              1.0             0                   1.0                       0.0                 0.0                        0.0\n10             1.0             1                   1.0                       0.0                 1.0                        0.0\n11             1.0             1                   1.0                       0.0                 0.0                        0.0\n12             1.0             1                   1.0                       0.0                 1.0                        0.0\n13             1.0             1                   1.0                       0.0                 0.0                        0.0\n14             1.0             1                   1.0                       0.0                 0.0                        0.0\n15             1.0             1                   1.0                       0.0                 0.0                        0.0\n16             1.0             0                   1.0                       0.0                 0.0                        0.0\n17             1.0             1                   1.0                       0.0                 0.0                        0.0\n18             1.0             1                   1.0                       0.0                 0.0                        0.0\n19             1.0             1                   1.0                       0.0                 1.0                        0.0\n20             1.0             1                   1.0                       0.0                 1.0                        0.0\n21             1.0             0                   1.0                       0.0                 0.0                        0.0\n22             1.0             1                   1.0                       0.0                 0.0                        0.0"
}