{
    "instance_id": "ws_zh_051",
    "score": 0.0,
    "precision_by_row": 0.0,
    "recall_by_row": 0.0,
    "f1_by_row": 0.0,
    "precision_by_item": 0.16666666666666666,
    "recall_by_item": 0.014285714285714285,
    "f1_by_item": 0.02631578947368421,
    "msg": "   中文名称_exact_match  英文名称_llm_judge  中国上映时间_exact_match  中国大陆票房（单位：人民币）_number_near\n0               1.0               0                 0.0                         0.0\n1               1.0               0                 0.0                         0.0"
}