{
    "instance_id": "ws_en_053",
    "score": 0.0,
    "precision_by_row": 0.0,
    "recall_by_row": 0.0,
    "f1_by_row": 0.0,
    "precision_by_item": 0.16875,
    "recall_by_item": 0.04066265060240964,
    "f1_by_item": 0.06553398058252427,
    "msg": "   reactorname_exact_match  country_llm_judge  reactortype_llm_judge  netcapacity(mw)_number_near  constructionstartyear_exact_match  firstgridconnectiondate_date_near  commercialoperationdate_date_near  currentstatus_llm_judge\n0                      1.0                  1                      1                          1.0                                0.0                                0.0                                0.0                        1\n1                      1.0                  1                      0                          0.0                                1.0                                0.0                                0.0                        1\n2                      1.0                  1                      0                          0.0                                1.0                                0.0                                0.0                        1\n3                      1.0                  1                      0                          1.0                                0.0                                0.0                                0.0                        1\n4                      1.0                  1                      0                          1.0                                0.0                                0.0                                0.0                        1\n5                      1.0                  1                      0                          0.0                                0.0                                0.0                                0.0                        1\n6                      1.0                  1                      0                          0.0                                0.0                                0.0                                0.0                        1"
}