{
    "instance_id": "ws_zh_083",
    "score": 0.0,
    "precision_by_row": 0.0,
    "recall_by_row": 0.0,
    "f1_by_row": 0.0,
    "precision_by_item": 0.6666666666666666,
    "recall_by_item": 0.08,
    "f1_by_item": 0.14285714285714285,
    "msg": "   景区名称_exact_match  所在城市_llm_judge  旺季景区票价(元/人)_number_near  旺季开放时间_llm_judge\n0               1.0               1                      0.0                 1\n1               1.0               1                      0.0                 1\n2               1.0               1                      0.0                 0\n3               1.0               1                      0.0                 0\n4               1.0               1                      0.0                 1\n5               1.0               1                      0.0                 1"
}