{
    "instance_id": "ws_en_013",
    "score": 0.0,
    "precision_by_row": 0.9090909090909091,
    "recall_by_row": 0.09174311926605505,
    "f1_by_row": 0.16666666666666669,
    "precision_by_item": 0.9393939393939394,
    "recall_by_item": 0.09480122324159021,
    "f1_by_item": 0.1722222222222222,
    "msg": "    album_exact_match  releaseyear_exact_match  song_exact_match\n0                 0.0                      0.0               1.0\n1                 1.0                      1.0               1.0\n2                 1.0                      1.0               1.0\n3                 1.0                      1.0               1.0\n4                 1.0                      1.0               1.0\n5                 1.0                      1.0               1.0\n6                 1.0                      1.0               1.0\n7                 1.0                      1.0               1.0\n8                 1.0                      1.0               1.0\n9                 1.0                      1.0               1.0\n10                1.0                      1.0               1.0"
}