{
    "instance_id": "ws_en_073",
    "score": 0.0,
    "precision_by_row": 0.0,
    "recall_by_row": 0.0,
    "f1_by_row": 0.0,
    "precision_by_item": 0.26666666666666666,
    "recall_by_item": 0.006374501992031873,
    "f1_by_item": 0.01245136186770428,
    "msg": "   productseries_llm_judge  productname_exact_match  chipname_exact_match  releasedate_exact_match  businterface_exact_match  memorycapacity_llm_judge  memorytype_exact_match  memorybitwidth_llm_judge  corefrequency_exact_match  memoryfrequency_exact_match\n0                        0                      1.0                   1.0                      0.0                       0.0                         0                     1.0                         0                        0.0                          0.0\n1                        1                      1.0                   1.0                      0.0                       0.0                         0                     1.0                         0                        0.0                          0.0\n2                        1                      1.0                   1.0                      0.0                       0.0                         0                     1.0                         0                        0.0                          0.0\n3                        1                      1.0                   1.0                      0.0                       0.0                         1                     0.0                         1                        0.0                          0.0\n4                        1                      1.0                   1.0                      0.0                       0.0                         1                     1.0                         1                        1.0                          0.0\n5                        1                      1.0                   1.0                      0.0                       0.0                         0                     1.0                         0                        0.0                          0.0\n6                        1                      1.0                   1.0                      0.0                       0.0                         1                     1.0                         0                        0.0                          0.0"
}