{
    "instance_id": "ws_zh_080",
    "score": 0.0,
    "precision_by_row": 0.0,
    "recall_by_row": 0.0,
    "f1_by_row": 0.0,
    "precision_by_item": 0.23809523809523808,
    "recall_by_item": 0.23809523809523808,
    "f1_by_item": 0.23809523809523808,
    "msg": "   企业名称_exact_match  全球门店数量_number_near  海外门店数量_number_near  北上广深门店数量_number_near  新一线门店数量_number_near  二线门店数量_number_near  三线及以下门店数量_number_near\n0               1.0                 1.0                 0.0                   0.0                  1.0                 1.0                    0.0\n1               1.0                 0.0                 0.0                   0.0                  0.0                 0.0                    0.0\n2               1.0                 0.0                 0.0                   0.0                  0.0                 0.0                    0.0\n3               1.0                 0.0                 0.0                   0.0                  0.0                 0.0                    0.0\n4               1.0                 0.0                 0.0                   0.0                  0.0                 0.0                    0.0\n5               1.0                 1.0                 0.0                   0.0                  0.0                 0.0                    0.0"
}