{
    "instance_id": "ws_zh_043",
    "score": 0.0,
    "precision_by_row": 0.0,
    "recall_by_row": 0.0,
    "f1_by_row": 0.0,
    "precision_by_item": 0.26666666666666666,
    "recall_by_item": 0.26666666666666666,
    "f1_by_item": 0.26666666666666666,
    "msg": "    榜单名称_exact_match  排名_exact_match  歌曲名称_llm_judge  演唱者_llm_judge  发行日期_exact_match  歌曲时长_exact_match  作词人_llm_judge  作曲人_llm_judge\n0                1.0             1.0               0              1               0.0               0.0              0              0\n1                1.0             1.0               0              0               0.0               0.0              0              0\n2                1.0             1.0               0              0               0.0               0.0              0              0\n3                1.0             1.0               0              0               0.0               0.0              0              0\n4                1.0             1.0               0              0               0.0               0.0              0              0\n5                1.0             1.0               0              0               0.0               0.0              0              0\n6                1.0             1.0               0              0               0.0               0.0              0              0\n7                1.0             1.0               0              0               0.0               0.0              0              0\n8                1.0             1.0               0              0               0.0               0.0              0              0\n9                1.0             1.0               0              0               0.0               1.0              0              0\n10               1.0             1.0               0              0               0.0               0.0              0              0\n11               1.0             1.0               0              0               0.0               0.0              0              0\n12               1.0             1.0               0              0               0.0               0.0              0              0\n13               1.0             1.0               0              0               0.0               0.0              0              0\n14               1.0             1.0               0              0               0.0               0.0              0              0"
}