{
    "instance_id": "ws_zh_063",
    "score": 0.0,
    "precision_by_row": 0.15384615384615385,
    "recall_by_row": 0.05555555555555555,
    "f1_by_row": 0.0816326530612245,
    "precision_by_item": 0.7538461538461538,
    "recall_by_item": 0.2722222222222222,
    "f1_by_item": 0.4,
    "msg": "    公司名称_llm_judge  出道年份_exact_match  团体英文名_exact_match  初一位时间_llm_judge  初一位歌曲名称_llm_judge\n0                1               0.0                1.0                1                  1\n1                1               0.0                1.0                1                  1\n2                1               1.0                1.0                1                  1\n3                1               1.0                1.0                1                  0\n4                1               1.0                1.0                1                  0\n5                1               1.0                1.0                1                  0\n6                1               1.0                1.0                1                  0\n7                1               1.0                1.0                1                  0\n8                1               1.0                1.0                1                  0\n9                1               1.0                1.0                1                  0\n10               1               1.0                1.0                1                  1\n11               1               0.0                1.0                1                  0"
}