{
    "instance_id": "ws_en_037",
    "score": 0.0,
    "precision_by_row": 0.2222222222222222,
    "recall_by_row": 0.15384615384615385,
    "f1_by_row": 0.18181818181818185,
    "precision_by_item": 0.37037037037037035,
    "recall_by_item": 0.2564102564102564,
    "f1_by_item": 0.30303030303030304,
    "msg": "   season_llm_judge  couplemarriedattheshow_exact_match  status_exact_match\n0                 1                                 1.0                 1.0\n1                 1                                 1.0                 1.0\n2                 0                                 1.0                 1.0\n3                 0                                 1.0                 1.0"
}