{
    "instance_id": "ws_zh_038",
    "score": 0.0,
    "precision_by_row": 0.0,
    "recall_by_row": 0.0,
    "f1_by_row": 0.0,
    "precision_by_item": 0.6666666666666666,
    "recall_by_item": 0.07058823529411765,
    "f1_by_item": 0.12765957446808512,
    "msg": "   景区名称_exact_match  省份_llm_judge  认定年份_number_near\n0               1.0             1               0.0\n1               1.0             1               0.0\n2               1.0             1               0.0\n3               1.0             1               0.0\n4               1.0             1               0.0\n5               1.0             1               0.0\n6               1.0             1               0.0\n7               1.0             1               0.0\n8               1.0             1               0.0"
}