{
    "instance_id": "ws_en_071",
    "score": 0.0,
    "precision_by_row": 0.0,
    "recall_by_row": 0.0,
    "f1_by_row": 0.0,
    "precision_by_item": 0.43567251461988304,
    "recall_by_item": 0.41388888888888886,
    "f1_by_item": 0.4245014245014245,
    "msg": "    year_exact_match  rank_exact_match  name_exact_match  networth(inusdbillions)_number_near  age_exact_match  sourceofwealth_llm_judge\n0                1.0               1.0               1.0                                  0.0              0.0                         1\n1                1.0               0.0               1.0                                  1.0              0.0                         1\n2                1.0               0.0               1.0                                  0.0              0.0                         1\n3                1.0               1.0               1.0                                  0.0              0.0                         1\n4                1.0               1.0               1.0                                  0.0              0.0                         1\n5                1.0               0.0               1.0                                  0.0              0.0                         1\n6                1.0               0.0               1.0                                  0.0              0.0                         1\n7                1.0               1.0               1.0                                  0.0              0.0                         1\n8                1.0               0.0               1.0                                  0.0              0.0                         1\n9                1.0               0.0               1.0                                  0.0              0.0                         1\n10               1.0               0.0               1.0                                  0.0              0.0                         1\n11               1.0               0.0               1.0                                  0.0              0.0                         1\n12               1.0               1.0               1.0                                  0.0              0.0                         1\n13               1.0               0.0               1.0                                  0.0              0.0                         1\n14               1.0               1.0               1.0                                  1.0              0.0                         1\n15               1.0               0.0               1.0                                  0.0              0.0                         1\n16               1.0               0.0               1.0                                  0.0              0.0                         1\n17               1.0               0.0               1.0                                  0.0              0.0                         1\n18               1.0               0.0               1.0                                  0.0              0.0                         1\n19               1.0               1.0               1.0                                  0.0              0.0                         1\n20               1.0               0.0               1.0                                  0.0              1.0                         1\n21               1.0               1.0               1.0                                  0.0              0.0                         0\n22               1.0               0.0               1.0                                  0.0              0.0                         1\n23               1.0               0.0               1.0                                  0.0              0.0                         1\n24               1.0               0.0               1.0                                  1.0              0.0                         1\n25               1.0               0.0               1.0                                  0.0              0.0                         1\n26               1.0               0.0               1.0                                  0.0              0.0                         1\n27               1.0               0.0               1.0                                  0.0              1.0                         1\n28               1.0               0.0               1.0                                  0.0              0.0                         1\n29               1.0               0.0               1.0                                  0.0              0.0                         0\n30               1.0               1.0               1.0                                  0.0              0.0                         1\n31               1.0               0.0               1.0                                  0.0              0.0                         1\n32               1.0               0.0               1.0                                  0.0              0.0                         1\n33               1.0               1.0               1.0                                  0.0              0.0                         1\n34               1.0               0.0               1.0                                  0.0              1.0                         1\n35               1.0               0.0               1.0                                  0.0              0.0                         1\n36               1.0               0.0               1.0                                  0.0              0.0                         0\n37               1.0               1.0               1.0                                  0.0              0.0                         1\n38               1.0               1.0               1.0                                  0.0              0.0                         1\n39               1.0               1.0               1.0                                  1.0              0.0                         1\n40               1.0               0.0               1.0                                  1.0              0.0                         1\n41               1.0               0.0               1.0                                  1.0              0.0                         1\n42               1.0               0.0               1.0                                  0.0              1.0                         1"
}