{
    "instance_id": "ws_zh_041",
    "score": 0.0,
    "precision_by_row": 0.0,
    "recall_by_row": 0.0,
    "f1_by_row": 0.0,
    "precision_by_item": 0.2619047619047619,
    "recall_by_item": 0.06547619047619048,
    "f1_by_item": 0.10476190476190476,
    "msg": "   招聘单位_exact_match  招聘岗位_llm_judge  招聘人数_exact_match  报考年龄_llm_judge  进面比例_llm_judge  报名时间_llm_judge\n0               1.0               1               1.0               0               1               0\n1               1.0               1               0.0               0               0               0\n2               1.0               1               0.0               0               1               0\n3               1.0               1               0.0               0               0               0"
}