{
    "instance_id": "ws_zh_021",
    "score": 0.0,
    "precision_by_row": 0.0,
    "recall_by_row": 0.0,
    "f1_by_row": 0.0,
    "precision_by_item": 0.6571428571428571,
    "recall_by_item": 0.10952380952380952,
    "f1_by_item": 0.18775510204081633,
    "msg": "   年份_exact_match  国家_exact_match  全球排名_exact_match  军费支出_number_near  当年gdp_number_near  总统_llm_judge  国防部长_llm_judge\n0             1.0             1.0               1.0               1.0                1.0             1               0\n1             1.0             1.0               0.0               0.0                1.0             1               0\n2             1.0             1.0               0.0               0.0                1.0             1               0\n3             1.0             1.0               0.0               0.0                1.0             1               1\n4             1.0             1.0               0.0               0.0                1.0             1               0"
}