{
    "instance_id": "ws_en_068",
    "score": 0.0,
    "precision_by_row": 0.0,
    "recall_by_row": 0.0,
    "f1_by_row": 0.0,
    "precision_by_item": 0.6142857142857143,
    "recall_by_item": 0.2866666666666667,
    "f1_by_item": 0.39090909090909093,
    "msg": "    year_exact_match  booktitle_exact_match  author_llm_judge  firstpublisher_llm_judge  firstpublicationtime_exact_match\n0                1.0                    1.0                 1                         0                               0.0\n1                1.0                    1.0                 1                         1                               0.0\n2                1.0                    1.0                 1                         0                               0.0\n3                1.0                    1.0                 1                         0                               0.0\n4                1.0                    1.0                 1                         0                               0.0\n5                1.0                    1.0                 1                         0                               0.0\n6                1.0                    1.0                 1                         0                               0.0\n7                1.0                    1.0                 0                         0                               0.0\n8                1.0                    1.0                 0                         0                               0.0\n9                1.0                    1.0                 1                         1                               0.0\n10               1.0                    1.0                 1                         0                               0.0\n11               1.0                    1.0                 1                         0                               0.0\n12               1.0                    1.0                 1                         0                               0.0\n13               1.0                    1.0                 1                         1                               0.0"
}