{
    "instance_id": "ws_zh_091",
    "score": 0.0,
    "precision_by_row": 1.0,
    "recall_by_row": 0.171875,
    "f1_by_row": 0.29333333333333333,
    "precision_by_item": 1.0,
    "recall_by_item": 0.171875,
    "f1_by_item": 0.29333333333333333,
    "msg": "    景区名称_exact_match  景区等级_llm_judge  所在城市_llm_judge  具体地址_llm_judge\n0                1.0               1               1               1\n1                1.0               1               1               1\n2                1.0               1               1               1\n3                1.0               1               1               1\n4                1.0               1               1               1\n5                1.0               1               1               1\n6                1.0               1               1               1\n7                1.0               1               1               1\n8                1.0               1               1               1\n9                1.0               1               1               1\n10               1.0               1               1               1"
}