{
    "instance_id": "ws_zh_095",
    "score": 0.0,
    "precision_by_row": 0.2222222222222222,
    "recall_by_row": 0.1111111111111111,
    "f1_by_row": 0.14814814814814814,
    "precision_by_item": 0.2222222222222222,
    "recall_by_item": 0.1111111111111111,
    "f1_by_item": 0.14814814814814814,
    "msg": "   年份_exact_match  赛事名称_exact_match  上场中国女排队员_llm_judge  赛事最终结果/名次_llm_judge\n0             1.0               1.0                   1                    1\n1             1.0               1.0                   1                    1"
}