{
    "instance_id": "ws_zh_009",
    "score": 0.0,
    "precision_by_row": 0.42857142857142855,
    "recall_by_row": 0.0967741935483871,
    "f1_by_row": 0.15789473684210525,
    "precision_by_item": 0.42857142857142855,
    "recall_by_item": 0.0967741935483871,
    "f1_by_item": 0.15789473684210525,
    "msg": "   时间(年份)_exact_match  赛事地点_exact_match  赛事名称_exact_match  组别结果_exact_match\n0                 1.0               1.0               1.0               1.0\n1                 1.0               1.0               1.0               1.0\n2                 1.0               1.0               1.0               1.0"
}