{
    "instance_id": "ws_zh_005",
    "score": 0.0,
    "precision_by_row": 0.0,
    "recall_by_row": 0.0,
    "f1_by_row": 0.0,
    "precision_by_item": 0.2714285714285714,
    "recall_by_item": 0.19,
    "f1_by_item": 0.22352941176470587,
    "msg": "    年份_exact_match  姓名_exact_match  党派_exact_match  民众票数_number_near  团票数_exact_match\n0              1.0             1.0             0.0               0.0              1.0\n1              1.0             1.0             0.0               0.0              0.0\n2              1.0             1.0             0.0               0.0              1.0\n3              1.0             1.0             0.0               0.0              1.0\n4              1.0             1.0             0.0               0.0              0.0\n5              1.0             1.0             0.0               0.0              1.0\n6              1.0             1.0             0.0               0.0              1.0\n7              1.0             1.0             0.0               0.0              0.0\n8              1.0             1.0             0.0               0.0              1.0\n9              1.0             1.0             0.0               0.0              1.0\n10             1.0             1.0             0.0               0.0              1.0\n11             1.0             1.0             0.0               0.0              0.0\n12             1.0             1.0             0.0               0.0              0.0\n13             1.0             1.0             0.0               0.0              1.0\n14             1.0             1.0             0.0               0.0              1.0\n15             1.0             1.0             0.0               0.0              0.0\n16             1.0             1.0             0.0               0.0              1.0\n17             1.0             1.0             0.0               0.0              1.0\n18             1.0             1.0             0.0               0.0              1.0\n19             1.0             1.0             0.0               0.0              1.0\n20             1.0             1.0             0.0               0.0              1.0"
}