{
    "instance_id": "ws_zh_096",
    "score": 0.0,
    "precision_by_row": 0.1111111111111111,
    "recall_by_row": 0.034482758620689655,
    "f1_by_row": 0.05263157894736842,
    "precision_by_item": 0.5833333333333334,
    "recall_by_item": 0.1810344827586207,
    "f1_by_item": 0.27631578947368424,
    "msg": "   电影名称_exact_match  导演_llm_judge  上映年份_llm_judge  梁朝伟通过该电影所获奖项_llm_judge\n0               1.0             0               0                       1\n1               1.0             1               1                       1\n2               1.0             0               0                       1\n3               1.0             0               0                       1\n4               1.0             0               1                       1\n5               1.0             0               0                       1\n6               1.0             1               1                       0\n7               1.0             0               1                       0\n8               1.0             0               0                       0"
}