{
    "instance_id": "ws_en_088",
    "score": 0.0,
    "precision_by_row": 0.43333333333333335,
    "recall_by_row": 0.13,
    "f1_by_row": 0.2,
    "precision_by_item": 0.725,
    "recall_by_item": 0.2175,
    "f1_by_item": 0.33461538461538465,
    "msg": "    year_exact_match  rank_exact_match  song_llm_judge  artist_llm_judge\n0                1.0               1.0               0                 0\n1                1.0               1.0               1                 1\n2                1.0               1.0               1                 1\n3                1.0               1.0               0                 0\n4                1.0               1.0               1                 1\n5                1.0               1.0               0                 0\n6                1.0               1.0               0                 0\n7                1.0               1.0               0                 0\n8                1.0               1.0               0                 1\n9                1.0               1.0               0                 0\n10               1.0               1.0               1                 1\n11               1.0               1.0               1                 1\n12               1.0               1.0               1                 1\n13               1.0               1.0               1                 1\n14               1.0               1.0               1                 1\n15               1.0               1.0               0                 0\n16               1.0               1.0               0                 0\n17               1.0               1.0               0                 0\n18               1.0               1.0               0                 0\n19               1.0               1.0               0                 0\n20               1.0               1.0               1                 1\n21               1.0               1.0               0                 0\n22               1.0               1.0               1                 1\n23               1.0               1.0               1                 1\n24               1.0               1.0               1                 1\n25               1.0               1.0               1                 1\n26               1.0               1.0               0                 0\n27               1.0               1.0               0                 0\n28               1.0               1.0               0                 0\n29               1.0               1.0               0                 0"
}