{
    "instance_id": "ws_zh_006",
    "score": 0.0,
    "precision_by_row": 0.0,
    "recall_by_row": 0.0,
    "f1_by_row": 0.0,
    "precision_by_item": 0.5185185185185185,
    "recall_by_item": 0.016374269005847954,
    "f1_by_item": 0.03174603174603175,
    "msg": "   品牌_exact_match  产品系列_llm_judge  产品名称_exact_match  香型_exact_match  规格(/瓶)_llm_judge  酒精度_llm_judge\n0             1.0               1               1.0             0.0                 0              1\n1             1.0               1               1.0             0.0                 0              0\n2             1.0               1               1.0             0.0                 0              1\n3             1.0               1               1.0             0.0                 0              0\n4             1.0               1               1.0             0.0                 0              0\n5             1.0               0               1.0             0.0                 0              0\n6             1.0               1               1.0             0.0                 0              0\n7             0.0               0               1.0             0.0                 0              1\n8             1.0               1               1.0             0.0                 0              1"
}