{
    "instance_id": "ws_zh_070",
    "score": 0.0,
    "precision_by_row": 0.5,
    "recall_by_row": 0.12,
    "f1_by_row": 0.1935483870967742,
    "precision_by_item": 0.875,
    "recall_by_item": 0.21,
    "f1_by_item": 0.33870967741935487,
    "msg": "   年份_exact_match  电视端收视率_number_near  导演_llm_judge  冠名商_llm_judge\n0             1.0                 1.0             0              1\n1             1.0                 1.0             1              0\n2             1.0                 1.0             1              1\n3             1.0                 1.0             1              1\n4             1.0                 1.0             1              1\n5             1.0                 1.0             1              0"
}