{
    "instance_id": "ws_en_012",
    "score": 0.0,
    "precision_by_row": 0.0,
    "recall_by_row": 0.0,
    "f1_by_row": 0.0,
    "precision_by_item": 0.3202614379084967,
    "recall_by_item": 0.3402777777777778,
    "f1_by_item": 0.32996632996632996,
    "msg": "    yearofaward_exact_match  fullname_llm_judge  gender_exact_match  dateofbirth_date_near  countryofbirth_llm_judge  university_llm_judge  devotedcountry_llm_judge  background/occupation_llm_judge  majorcontributions_llm_judge\n0                       1.0                   1                 1.0                    0.0                         1                     0                         1                                1                             1\n1                       1.0                   0                 1.0                    0.0                         0                     0                         0                                0                             0\n2                       1.0                   0                 0.0                    0.0                         0                     0                         0                                0                             0\n3                       1.0                   0                 1.0                    0.0                         1                     0                         0                                0                             0\n4                       1.0                   1                 1.0                    0.0                         1                     0                         1                                1                             1\n5                       1.0                   0                 0.0                    0.0                         0                     0                         0                                1                             0\n6                       1.0                   0                 0.0                    0.0                         0                     1                         0                                0                             0\n7                       1.0                   0                 0.0                    0.0                         0                     1                         0                                0                             0\n8                       1.0                   0                 1.0                    0.0                         0                     0                         0                                0                             0\n9                       1.0                   0                 1.0                    0.0                         0                     0                         0                                0                             0\n10                      1.0                   0                 0.0                    0.0                         0                     0                         0                                1                             0\n11                      1.0                   0                 1.0                    0.0                         0                     0                         0                                0                             0\n12                      1.0                   0                 1.0                    0.0                         0                     1                         0                                0                             0\n13                      1.0                   0                 1.0                    0.0                         0                     0                         0                                0                             0\n14                      1.0                   1                 1.0                    0.0                         1                     0                         1                                1                             1\n15                      1.0                   0                 0.0                    1.0                         0                     1                         0                                0                             0"
}