{
    "instance_id": "ws_en_022",
    "score": 0.0,
    "precision_by_row": 0.0,
    "recall_by_row": 0.0,
    "f1_by_row": 0.0,
    "precision_by_item": 0.38095238095238093,
    "recall_by_item": 0.4,
    "f1_by_item": 0.3902439024390244,
    "msg": "    category_exact_match  rank_exact_match  title_llm_judge  singer_llm_judge  language_exact_match  songwriter(s)_llm_judge  producer(s)_llm_judge  releasedate_date_near\n0                    1.0               1.0                0                 0                   1.0                        0                      0                    1.0\n1                    1.0               1.0                0                 0                   1.0                        0                      0                    1.0\n2                    1.0               1.0                0                 0                   1.0                        0                      0                    0.0\n3                    1.0               1.0                0                 0                   0.0                        0                      0                    1.0\n4                    1.0               1.0                0                 0                   1.0                        0                      0                    0.0\n5                    1.0               1.0                0                 0                   1.0                        0                      0                    1.0\n6                    1.0               1.0                0                 0                   1.0                        0                      0                    1.0\n7                    1.0               1.0                0                 0                   1.0                        0                      0                    0.0\n8                    1.0               1.0                0                 0                   1.0                        0                      0                    0.0\n9                    1.0               1.0                0                 0                   1.0                        0                      0                    0.0\n10                   1.0               1.0                0                 0                   1.0                        0                      0                    0.0\n11                   1.0               1.0                0                 0                   1.0                        0                      0                    0.0\n12                   1.0               1.0                0                 0                   1.0                        0                      0                    0.0\n13                   1.0               1.0                0                 0                   1.0                        0                      0                    0.0\n14                   1.0               1.0                0                 0                   1.0                        0                      0                    0.0\n15                   1.0               1.0                0                 0                   1.0                        0                      0                    0.0\n16                   1.0               1.0                0                 0                   1.0                        0                      0                    0.0\n17                   1.0               1.0                0                 0                   1.0                        0                      0                    0.0\n18                   1.0               1.0                0                 0                   1.0                        0                      0                    0.0\n19                   1.0               1.0                0                 0                   1.0                        0                      0                    0.0"
}