{
    "instance_id": "ws_zh_023",
    "score": 0.0,
    "precision_by_row": 0.0,
    "recall_by_row": 0.0,
    "f1_by_row": 0.0,
    "precision_by_item": 0.08333333333333333,
    "recall_by_item": 0.018518518518518517,
    "f1_by_item": 0.030303030303030304,
    "msg": "   获奖年份_exact_match  姓名_exact_match  出版作品名称_exact_match  首次出版年份_exact_match\n0               0.0             0.0                 1.0                 1.0\n1               0.0             0.0                 1.0                 0.0\n2               0.0             0.0                 1.0                 0.0"
}