{
    "instance_id": "ws_zh_073",
    "score": 0.0,
    "precision_by_row": 0.6666666666666666,
    "recall_by_row": 0.047619047619047616,
    "f1_by_row": 0.08888888888888889,
    "precision_by_item": 0.7777777777777778,
    "recall_by_item": 0.05555555555555555,
    "f1_by_item": 0.10370370370370369,
    "msg": "   博物馆名称_exact_match  地址_llm_judge  开放时间_llm_judge\n0                1.0             1               1\n1                1.0             1               1\n2                1.0             1               1\n3                1.0             1               1\n4                1.0             1               0"
}