{
    "instance_id": "ws_zh_020",
    "score": 0.0,
    "precision_by_row": 0.07692307692307693,
    "recall_by_row": 0.004484304932735426,
    "f1_by_row": 0.00847457627118644,
    "precision_by_item": 0.07692307692307693,
    "recall_by_item": 0.004484304932735426,
    "f1_by_item": 0.00847457627118644,
    "msg": "   年度_exact_match  感动中国年度人物_exact_match  颁奖辞_llm_judge\n0             1.0                   1.0              1"
}