{
    "instance_id": "ws_zh_001",
    "score": 0.0,
    "precision_by_row": 0.0,
    "recall_by_row": 0.0,
    "f1_by_row": 0.0,
    "precision_by_item": 0.10294117647058823,
    "recall_by_item": 0.07,
    "f1_by_item": 0.08333333333333333,
    "msg": "   年份_exact_match  国家_exact_match  电影名_exact_match  导演_llm_judge  本国累计票房收益_number_near  电影类型_llm_judge\n0             1.0             1.0              1.0             0                   0.0               1\n1             1.0             1.0              1.0             0                   0.0               1\n2             1.0             1.0              1.0             0                   0.0               1\n3             1.0             1.0              1.0             0                   0.0               1\n4             1.0             1.0              1.0             1                   0.0               1"
}