{
    "instance_id": "ws_zh_013",
    "score": 0.0,
    "precision_by_row": 0.1111111111111111,
    "recall_by_row": 0.008064516129032258,
    "f1_by_row": 0.015037593984962405,
    "precision_by_item": 0.5833333333333334,
    "recall_by_item": 0.04233870967741935,
    "f1_by_item": 0.07894736842105263,
    "msg": "   届数_exact_match  奖项名称_exact_match  获奖歌曲/专辑_llm_judge  演唱者_llm_judge\n0             1.0               1.0                  1              1\n1             1.0               1.0                  0              0\n2             1.0               1.0                  0              0\n3             1.0               1.0                  0              0\n4             1.0               1.0                  0              0\n5             1.0               1.0                  0              0\n6             1.0               1.0                  0              0\n7             1.0               1.0                  0              0\n8             1.0               1.0                  0              1"
}