{
    "instance_id": "ws_en_081",
    "score": 0.0,
    "precision_by_row": 0.0,
    "recall_by_row": 0.0,
    "f1_by_row": 0.0,
    "precision_by_item": 0.4444444444444444,
    "recall_by_item": 0.1111111111111111,
    "f1_by_item": 0.17777777777777776,
    "msg": "   2024steambest-sellinggames_exact_match  publisher_llm_judge  award-winninggames_llm_judge\n0                                     1.0                    1                             0\n1                                     1.0                    0                             0\n2                                     1.0                    0                             0"
}