{
    "instance_id": "ws_zh_058",
    "score": 0.0,
    "precision_by_row": 0.3888888888888889,
    "recall_by_row": 0.3333333333333333,
    "f1_by_row": 0.358974358974359,
    "precision_by_item": 0.4305555555555556,
    "recall_by_item": 0.36904761904761907,
    "f1_by_item": 0.39743589743589747,
    "msg": "   列入年份_exact_match  世界遗产名称_exact_match  所在省份（直辖市/自治区）_llm_judge  遗产类别_llm_judge\n0               1.0                 1.0                        1               1\n1               1.0                 1.0                        1               1\n2               1.0                 1.0                        1               1\n3               1.0                 1.0                        1               1\n4               1.0                 1.0                        0               1\n5               1.0                 1.0                        1               1\n6               1.0                 1.0                        1               1\n7               1.0                 1.0                        1               1"
}