{
    "instance_id": "ws_zh_045",
    "score": 0.0,
    "precision_by_row": 0.05555555555555555,
    "recall_by_row": 0.05263157894736842,
    "f1_by_row": 0.05405405405405406,
    "precision_by_item": 0.24074074074074073,
    "recall_by_item": 0.22807017543859648,
    "f1_by_item": 0.23423423423423423,
    "msg": "   娱乐公司_llm_judge  女团名_llm_judge  出道日期_exact_match  专辑名_exact_match  发行时间_exact_match  包含歌曲_llm_judge\n0               1              1               1.0              1.0               0.0               1\n1               1              1               1.0              1.0               0.0               1\n2               1              1               1.0              1.0               0.0               1\n3               1              1               1.0              1.0               1.0               1\n4               1              1               1.0              1.0               0.0               1"
}