{
    "instance_id": "ws_zh_042",
    "score": 0.0,
    "precision_by_row": 0.2,
    "recall_by_row": 0.047619047619047616,
    "f1_by_row": 0.07692307692307693,
    "precision_by_item": 0.76,
    "recall_by_item": 0.18095238095238095,
    "f1_by_item": 0.29230769230769227,
    "msg": "   作品名称_exact_match  导演_llm_judge  类型_llm_judge  制片国家/地区_llm_judge  片长_number_near\n0               1.0             1             0                  1             1.0\n1               1.0             1             1                  1             1.0\n2               1.0             1             0                  1             0.0\n3               1.0             1             1                  1             0.0\n4               1.0             0             1                  0             1.0"
}