{
    "instance_id": "ws_en_001",
    "score": 0.0,
    "precision_by_row": 0.0,
    "recall_by_row": 0.0,
    "f1_by_row": 0.0,
    "precision_by_item": 0.24107142857142858,
    "recall_by_item": 0.27,
    "f1_by_item": 0.25471698113207547,
    "msg": "    subject_exact_match  university_exact_match  qsworlduniversityrankingsbysubject2025_exact_match  qsworlduniversityrankings2025_exact_match  timeshighereducationworlduniversityrankings2025_exact_match  homepage_url_match  applicationdeadline_llm_judge  applicationfee_llm_judge\n0                   1.0                     1.0                                                 1.0                                        1.0                                                          0.0                 1.0                              0                         0\n1                   1.0                     1.0                                                 1.0                                        0.0                                                          0.0                 1.0                              0                         0\n2                   1.0                     1.0                                                 1.0                                        0.0                                                          0.0                 1.0                              0                         0\n3                   1.0                     1.0                                                 0.0                                        1.0                                                          0.0                 1.0                              0                         0\n4                   1.0                     1.0                                                 1.0                                        0.0                                                          0.0                 1.0                              0                         0\n5                   1.0                     1.0                                                 1.0                                        0.0                                                          0.0                 1.0                              0                         0\n6                   1.0                     1.0                                                 1.0                                        0.0                                                          0.0                 1.0                              0                         0\n7                   1.0                     1.0                                                 0.0                                        1.0                                                          0.0                 1.0                              0                         0\n8                   1.0                     1.0                                                 1.0                                        1.0                                                          0.0                 1.0                              0                         0\n9                   1.0                     1.0                                                 0.0                                        1.0                                                          0.0                 1.0                              0                         0\n10                  1.0                     1.0                                                 1.0                                        0.0                                                          0.0                 1.0                              0                         0\n11                  1.0                     1.0                                                 1.0                                        0.0                                                          0.0                 1.0                              0                         0\n12                  1.0                     1.0                                                 1.0                                        0.0                                                          0.0                 1.0                              0                         0"
}