{
    "instance_id": "ws_en_043",
    "score": 0.0,
    "precision_by_row": 0.3333333333333333,
    "recall_by_row": 0.015873015873015872,
    "f1_by_row": 0.030303030303030304,
    "precision_by_item": 0.8333333333333334,
    "recall_by_item": 0.03968253968253968,
    "f1_by_item": 0.07575757575757576,
    "msg": "   park_exact_match  states_llm_judge  price(peradult)_exact_match  mountainscenery_exact_match\n0               1.0                 1                          0.0                          1.0\n1               1.0                 1                          1.0                          1.0\n2               1.0                 1                          0.0                          1.0"
}