{
    "instance_id": "ws_en_069",
    "score": 0.0,
    "precision_by_row": 0.0,
    "recall_by_row": 0.0,
    "f1_by_row": 0.0,
    "precision_by_item": 0.44761904761904764,
    "recall_by_item": 0.376,
    "f1_by_item": 0.408695652173913,
    "msg": "    year_exact_match  film_exact_match  director_llm_judge  lifetimegrossindomesticboxoffice(usdbillion)_number_near  genre_llm_judge\n0                1.0               1.0                   0                                                       0.0                1\n1                0.0               1.0                   0                                                       0.0                0\n2                1.0               1.0                   0                                                       0.0                1\n3                1.0               1.0                   0                                                       0.0                1\n4                1.0               1.0                   0                                                       0.0                1\n5                1.0               1.0                   0                                                       0.0                1\n6                1.0               1.0                   0                                                       0.0                1\n7                0.0               1.0                   1                                                       0.0                1\n8                0.0               1.0                   0                                                       0.0                1\n9                1.0               1.0                   0                                                       0.0                0\n10               1.0               1.0                   0                                                       0.0                1\n11               1.0               1.0                   0                                                       0.0                1\n12               1.0               1.0                   0                                                       0.0                1\n13               1.0               1.0                   0                                                       0.0                1\n14               1.0               1.0                   0                                                       0.0                1\n15               1.0               1.0                   0                                                       0.0                1\n16               1.0               1.0                   0                                                       0.0                1"
}