{
    "instance_id": "ws_en_077",
    "score": 0.0,
    "precision_by_row": 0.0,
    "recall_by_row": 0.0,
    "f1_by_row": 0.0,
    "precision_by_item": 0.4,
    "recall_by_item": 0.12727272727272726,
    "f1_by_item": 0.19310344827586204,
    "msg": "   name_exact_match  position_exact_match  startdate_date_near  enddate_date_near  successor_llm_judge\n0               1.0                   1.0                  1.0                0.0                    1\n1               1.0                   1.0                  1.0                0.0                    0\n2               1.0                   1.0                  1.0                0.0                    0\n3               1.0                   1.0                  1.0                0.0                    1"
}