{
    "instance_id": "ws_en_100",
    "score": 0.0,
    "precision_by_row": 0.0,
    "recall_by_row": 0.0,
    "f1_by_row": 0.0,
    "precision_by_item": 0.3159722222222222,
    "recall_by_item": 0.5416666666666666,
    "f1_by_item": 0.3991228070175438,
    "msg": "    name_exact_match  position_exact_match  tenurestartdate_exact_match  tenureenddate_exact_match  nominatingpresident_llm_judge  president’sparty_llm_judge  ideologicalleaning_exact_match  previousposition_llm_judge\n0                1.0                   1.0                          0.0                        0.0                              0                           0                             0.0                           0\n1                1.0                   1.0                          0.0                        0.0                              1                           1                             0.0                           1\n2                1.0                   1.0                          0.0                        0.0                              1                           1                             0.0                           0\n3                1.0                   1.0                          0.0                        0.0                              1                           1                             0.0                           1\n4                1.0                   1.0                          0.0                        0.0                              1                           1                             1.0                           0\n5                1.0                   1.0                          0.0                        0.0                              1                           1                             0.0                           1\n6                1.0                   1.0                          0.0                        1.0                              1                           1                             1.0                           0\n7                1.0                   1.0                          0.0                        1.0                              1                           1                             1.0                           0\n8                1.0                   1.0                          0.0                        1.0                              1                           1                             1.0                           1\n9                1.0                   1.0                          0.0                        0.0                              1                           1                             1.0                           1\n10               1.0                   1.0                          0.0                        1.0                              1                           1                             0.0                           1\n11               1.0                   1.0                          0.0                        1.0                              1                           1                             1.0                           1\n12               1.0                   1.0                          0.0                        1.0                              1                           1                             1.0                           1\n13               1.0                   1.0                          0.0                        1.0                              1                           1                             1.0                           0\n14               1.0                   1.0                          0.0                        1.0                              1                           1                             1.0                           1\n15               1.0                   1.0                          0.0                        1.0                              1                           1                             1.0                           1"
}