{
    "instance_id": "ws_zh_074",
    "score": 0.0,
    "precision_by_row": 0.0,
    "recall_by_row": 0.0,
    "f1_by_row": 0.0,
    "precision_by_item": 0.05454545454545454,
    "recall_by_item": 0.0029702970297029703,
    "f1_by_item": 0.005633802816901409,
    "msg": "   季数_number_near  公演次数_exact_match  节目名称_exact_match  参演姐姐_llm_judge  票数_exact_match\n0             1.0               0.0               1.0               0             0.0\n1             0.0               0.0               1.0               0             0.0"
}