{
    "instance_id": "ws_en_086",
    "score": 0.0,
    "precision_by_row": 0.0,
    "recall_by_row": 0.0,
    "f1_by_row": 0.0,
    "precision_by_item": 0.10185185185185185,
    "recall_by_item": 0.09649122807017543,
    "f1_by_item": 0.0990990990990991,
    "msg": "   entertainmentcompany_llm_judge  girlgroup_llm_judge  debutdate_date_near  album_exact_match  releasedate_date_near  includedsongs_llm_judge\n0                               0                    0                  0.0                1.0                    0.0                        0\n1                               1                    1                  0.0                1.0                    0.0                        0\n2                               1                    1                  0.0                1.0                    1.0                        0\n3                               1                    1                  0.0                1.0                    0.0                        0"
}