{
    "instance_id": "ws_en_078",
    "score": 0.0,
    "precision_by_row": 0.2,
    "recall_by_row": 0.037037037037037035,
    "f1_by_row": 0.0625,
    "precision_by_item": 0.3,
    "recall_by_item": 0.05555555555555555,
    "f1_by_item": 0.09375000000000001,
    "msg": "   awardyear_exact_match  name_llm_judge  publishedwork_exact_match  yearoffirstpublication_exact_match\n0                    1.0               1                        1.0                                 1.0\n1                    1.0               1                        1.0                                 1.0\n2                    0.0               0                        1.0                                 1.0\n3                    0.0               0                        1.0                                 1.0"
}