{
    "instance_id": "ws_en_078",
    "score": 0.0,
    "precision_by_row": 0.2,
    "recall_by_row": 0.018518518518518517,
    "f1_by_row": 0.03389830508474576,
    "precision_by_item": 0.65,
    "recall_by_item": 0.06018518518518518,
    "f1_by_item": 0.11016949152542371,
    "msg": "   awardyear_exact_match  name_llm_judge  publishedwork_exact_match  yearoffirstpublication_exact_match\n0                    1.0               1                        1.0                                 0.0\n1                    1.0               1                        1.0                                 0.0\n2                    1.0               1                        1.0                                 0.0\n3                    1.0               1                        1.0                                 1.0"
}