{
    "instance_id": "ws_zh_073",
    "score": 0.0,
    "precision_by_row": 0.0,
    "recall_by_row": 0.0,
    "f1_by_row": 0.0,
    "precision_by_item": 0.5238095238095238,
    "recall_by_item": 0.04365079365079365,
    "f1_by_item": 0.08058608058608059,
    "msg": "   博物馆名称_exact_match  地址_llm_judge  开放时间_llm_judge\n0                1.0             1               0\n1                1.0             0               1\n2                1.0             1               0\n3                1.0             0               1\n4                1.0             1               0\n5                1.0             0               0"
}