{
    "instance_id": "ws_zh_058",
    "score": 0.0,
    "precision_by_row": 0.25,
    "recall_by_row": 0.09523809523809523,
    "f1_by_row": 0.13793103448275862,
    "precision_by_item": 0.25,
    "recall_by_item": 0.09523809523809523,
    "f1_by_item": 0.13793103448275862,
    "msg": "   列入年份_exact_match  世界遗产名称_exact_match  所在省份（直辖市/自治区）_llm_judge  遗产类别_llm_judge\n0               1.0                 1.0                        1               1\n1               1.0                 1.0                        1               1"
}