{
    "instance_id": "ws_zh_050",
    "score": 0.0,
    "precision_by_row": 0.4,
    "recall_by_row": 0.04,
    "f1_by_row": 0.07272727272727272,
    "precision_by_item": 0.8,
    "recall_by_item": 0.08,
    "f1_by_item": 0.14545454545454545,
    "msg": "   年份_exact_match  排名_exact_match  歌曲名称_llm_judge  歌手_llm_judge\n0             1.0             1.0               1             1\n1             1.0             1.0               1             1\n2             1.0             1.0               1             0\n3             1.0             1.0               1             1\n4             1.0             1.0               1             1\n5             1.0             1.0               0             1\n6             1.0             1.0               0             1\n7             1.0             1.0               0             0\n8             1.0             1.0               0             1\n9             1.0             1.0               0             0"
}