{
    "instance_id": "ws_zh_018",
    "score": 0.0,
    "precision_by_row": 0.0,
    "recall_by_row": 0.0,
    "f1_by_row": 0.0,
    "precision_by_item": 0.52,
    "recall_by_item": 0.04482758620689655,
    "f1_by_item": 0.08253968253968254,
    "msg": "   医疗机构名称_exact_match  机构地址_llm_judge  医疗机构等级_llm_judge  联系电话_llm_judge  准入技术_exact_match\n0                 1.0               0                 1               0               1.0\n1                 1.0               0                 1               0               1.0\n2                 1.0               1                 1               0               1.0\n3                 1.0               0                 1               0               1.0"
}