{
    "instance_id": "ws_zh_083",
    "score": 0.0,
    "precision_by_row": 0.0,
    "recall_by_row": 0.0,
    "f1_by_row": 0.0,
    "precision_by_item": 0.5357142857142857,
    "recall_by_item": 0.225,
    "f1_by_item": 0.31690140845070425,
    "msg": "    景区名称_exact_match  所在城市_llm_judge  旺季景区票价(元/人)_number_near  旺季开放时间_llm_judge\n0                1.0               1                      0.0                 1\n1                1.0               1                      1.0                 0\n2                1.0               1                      0.0                 0\n3                1.0               1                      0.0                 1\n4                1.0               1                      0.0                 0\n5                1.0               1                      0.0                 1\n6                1.0               1                      0.0                 0\n7                1.0               1                      0.0                 1\n8                1.0               1                      0.0                 1\n9                1.0               1                      0.0                 1\n10               1.0               1                      0.0                 1\n11               1.0               1                      0.0                 0\n12               1.0               1                      0.0                 0\n13               1.0               1                      0.0                 1\n14               1.0               1                      0.0                 0\n15               1.0               0                      0.0                 0\n16               1.0               1                      0.0                 1\n17               1.0               1                      0.0                 0"
}