{
    "instance_id": "ws_zh_072",
    "score": 0.0,
    "precision_by_row": 0.0,
    "recall_by_row": 0.0,
    "f1_by_row": 0.0,
    "precision_by_item": 0.42857142857142855,
    "recall_by_item": 0.07142857142857142,
    "f1_by_item": 0.12244897959183672,
    "msg": "   平台名_llm_judge  恋综名称_exact_match  节目牵手嘉宾_llm_judge  仍未分手cp_llm_judge\n0              1               1.0                 0                 0\n1              1               1.0                 0                 0\n2              1               1.0                 0                 0\n3              1               1.0                 0                 0\n4              1               1.0                 0                 0\n5              1               1.0                 0                 0"
}