{
    "instance_id": "ws_zh_052",
    "score": 0.0,
    "precision_by_row": 1.0,
    "recall_by_row": 0.011494252873563218,
    "f1_by_row": 0.022727272727272724,
    "precision_by_item": 1.0,
    "recall_by_item": 0.011494252873563218,
    "f1_by_item": 0.022727272727272724,
    "msg": "   医院名称_llm_judge  区域_llm_judge  具体地址_exact_match  成立年份_number_near  医疗等级_llm_judge\n0               1             1               1.0               1.0               1"
}