{
    "instance_id": "ws_zh_079",
    "score": 0.0,
    "precision_by_row": 0.6666666666666666,
    "recall_by_row": 0.015384615384615385,
    "f1_by_row": 0.03007518796992481,
    "precision_by_item": 0.6666666666666666,
    "recall_by_item": 0.015384615384615385,
    "f1_by_item": 0.03007518796992481,
    "msg": "   行政区划_exact_match  姓名_exact_match  上任日期_date_near  离任日期_date_near\n0               1.0             1.0             1.0             1.0\n1               1.0             1.0             1.0             1.0"
}