{
    "instance_id": "ws_en_065",
    "score": 0.0,
    "precision_by_row": 0.08333333333333333,
    "recall_by_row": 0.08333333333333333,
    "f1_by_row": 0.08333333333333333,
    "precision_by_item": 0.7361111111111112,
    "recall_by_item": 0.7361111111111112,
    "f1_by_item": 0.7361111111111113,
    "msg": "    year_exact_match  totalpopulation(million)_number_near  malepopulation(million)_number_near  femalepopulation(million)_number_near  birthrate_number_near  deathrate_number_near\n0                1.0                                   1.0                                  1.0                                    1.0                    0.0                    1.0\n1                1.0                                   1.0                                  1.0                                    1.0                    0.0                    1.0\n2                1.0                                   1.0                                  1.0                                    1.0                    0.0                    1.0\n3                1.0                                   1.0                                  1.0                                    1.0                    0.0                    0.0\n4                1.0                                   1.0                                  1.0                                    1.0                    0.0                    0.0\n5                1.0                                   1.0                                  1.0                                    1.0                    0.0                    0.0\n6                1.0                                   1.0                                  1.0                                    1.0                    0.0                    0.0\n7                1.0                                   1.0                                  1.0                                    1.0                    0.0                    0.0\n8                1.0                                   1.0                                  1.0                                    1.0                    0.0                    0.0\n9                1.0                                   1.0                                  1.0                                    1.0                    0.0                    0.0\n10               1.0                                   1.0                                  1.0                                    1.0                    0.0                    0.0\n11               1.0                                   1.0                                  1.0                                    1.0                    1.0                    1.0"
}