{
    "instance_id": "ws_en_071",
    "score": 0.0,
    "precision_by_row": 0.0,
    "recall_by_row": 0.0,
    "f1_by_row": 0.0,
    "precision_by_item": 0.38333333333333336,
    "recall_by_item": 0.06388888888888888,
    "f1_by_item": 0.10952380952380951,
    "msg": "   year_exact_match  rank_exact_match  name_exact_match  networth(inusdbillions)_number_near  age_exact_match  sourceofwealth_llm_judge\n0               1.0               0.0               1.0                                  0.0              0.0                         1\n1               1.0               0.0               1.0                                  0.0              0.0                         1\n2               1.0               1.0               1.0                                  0.0              0.0                         1\n3               1.0               1.0               1.0                                  0.0              0.0                         1\n4               1.0               0.0               1.0                                  0.0              0.0                         1\n5               1.0               0.0               1.0                                  0.0              0.0                         1\n6               1.0               0.0               1.0                                  0.0              0.0                         1"
}