{
    "instance_id": "ws_zh_095",
    "score": 0.0,
    "precision_by_row": 0.17391304347826086,
    "recall_by_row": 0.2222222222222222,
    "f1_by_row": 0.1951219512195122,
    "precision_by_item": 0.3804347826086957,
    "recall_by_item": 0.4861111111111111,
    "f1_by_item": 0.426829268292683,
    "msg": "    年份_exact_match  赛事名称_exact_match  上场中国女排队员_llm_judge  赛事最终结果/名次_llm_judge\n0              1.0               1.0                   0                    0\n1              1.0               1.0                   1                    0\n2              1.0               1.0                   1                    0\n3              1.0               1.0                   1                    0\n4              1.0               1.0                   1                    0\n5              1.0               1.0                   1                    0\n6              1.0               1.0                   1                    1\n7              1.0               1.0                   1                    1\n8              1.0               1.0                   1                    1\n9              1.0               1.0                   0                    0\n10             1.0               1.0                   1                    1"
}