{
    "instance_id": "ws_en_081",
    "score": 0.0,
    "precision_by_row": 0.25,
    "recall_by_row": 0.16666666666666666,
    "f1_by_row": 0.2,
    "precision_by_item": 0.625,
    "recall_by_item": 0.4166666666666667,
    "f1_by_item": 0.5,
    "msg": "   2024steambest-sellinggames_exact_match  publisher_llm_judge  award-winninggames_llm_judge\n0                                     1.0                    0                             1\n1                                     1.0                    1                             0\n2                                     1.0                    1                             1\n3                                     1.0                    0                             0\n4                                     1.0                    0                             0\n5                                     1.0                    0                             0\n6                                     1.0                    1                             0\n7                                     1.0                    1                             1"
}