{
    "instance_id": "ws_zh_007",
    "score": 0.0,
    "precision_by_row": 0.0,
    "recall_by_row": 0.0,
    "f1_by_row": 0.0,
    "precision_by_item": 0.2846153846153846,
    "recall_by_item": 0.007212475633528265,
    "f1_by_item": 0.014068441064638783,
    "msg": "   产品系列_llm_judge  产品名称_exact_match  芯片名称_exact_match  发布日期_llm_judge  总线接口_llm_judge  显存容量_exact_match  显存类型_llm_judge  显存位宽_exact_match  核心频率(基础频率)_llm_judge  显存频率_llm_judge\n0               1               1.0               1.0               0               0               1.0               1               1.0                     1               0\n1               1               1.0               1.0               0               1               1.0               1               1.0                     0               0\n2               1               1.0               1.0               0               1               1.0               0               1.0                     1               0\n3               1               1.0               1.0               0               1               1.0               1               1.0                     1               0\n4               1               1.0               1.0               1               1               1.0               1               1.0                     0               0"
}