{
    "instance_id": "ws_zh_090",
    "score": 0.0,
    "precision_by_row": 0.25,
    "recall_by_row": 0.037037037037037035,
    "f1_by_row": 0.06451612903225806,
    "precision_by_item": 0.5833333333333334,
    "recall_by_item": 0.08641975308641975,
    "f1_by_item": 0.15053763440860213,
    "msg": "   线路名称_exact_match  总站数_exact_match  总里程数_number_near  首次通车时间_llm_judge  运营机构_llm_judge  起点站和终点站_exact_match\n0               1.0              0.0               1.0                 1               1                  0.0\n1               1.0              1.0               1.0                 0               1                  0.0\n2               1.0              1.0               1.0                 1               1                  1.0"
}