{
    "instance_id": "ws_en_043",
    "score": 0.0,
    "precision_by_row": 0.0,
    "recall_by_row": 0.0,
    "f1_by_row": 0.0,
    "precision_by_item": 0.75,
    "recall_by_item": 0.15476190476190477,
    "f1_by_item": 0.2565789473684211,
    "msg": "    park_exact_match  states_llm_judge  price(peradult)_exact_match  mountainscenery_exact_match\n0                1.0                 1                          0.0                          1.0\n1                1.0                 1                          0.0                          1.0\n2                1.0                 1                          0.0                          1.0\n3                1.0                 1                          0.0                          1.0\n4                1.0                 1                          0.0                          1.0\n5                1.0                 1                          0.0                          1.0\n6                1.0                 1                          0.0                          1.0\n7                1.0                 1                          0.0                          1.0\n8                1.0                 1                          0.0                          1.0\n9                1.0                 1                          0.0                          1.0\n10               1.0                 1                          0.0                          1.0\n11               1.0                 1                          0.0                          1.0\n12               1.0                 1                          0.0                          1.0"
}