{
    "instance_id": "ws_zh_036",
    "score": 0.0,
    "precision_by_row": 0.0,
    "recall_by_row": 0.0,
    "f1_by_row": 0.0,
    "precision_by_item": 0.6666666666666666,
    "recall_by_item": 0.05333333333333334,
    "f1_by_item": 0.09876543209876544,
    "msg": "   赛季_exact_match  所属联赛_exact_match  冠军俱乐部名称_llm_judge  mvp球员_llm_judge  所属俱乐部_llm_judge  评分_number_near\n0             1.0               1.0                  0                0                0             1.0\n1             1.0               1.0                  1                1                1             0.0"
}