{
    "instance_id": "ws_en_008",
    "score": 0.0,
    "precision_by_row": 0.0,
    "recall_by_row": 0.0,
    "f1_by_row": 0.0,
    "precision_by_item": 0.3333333333333333,
    "recall_by_item": 0.13333333333333333,
    "f1_by_item": 0.19047619047619044,
    "msg": "   exchangename_exact_match  statisticalmonth_exact_match  totaltradingvalue(usdmillions)_number_near  totalnumberoflistedcompanies_number_near  domesticmarketcapitalization(usdmillions)_number_near  indexlevels_number_near\n0                       1.0                           1.0                                         0.0                                       0.0                                                    0.0                      0.0\n1                       1.0                           1.0                                         0.0                                       0.0                                                    0.0                      0.0\n2                       1.0                           1.0                                         0.0                                       0.0                                                    0.0                      0.0\n3                       1.0                           1.0                                         0.0                                       0.0                                                    0.0                      0.0\n4                       1.0                           1.0                                         0.0                                       0.0                                                    0.0                      0.0\n5                       1.0                           1.0                                         0.0                                       0.0                                                    0.0                      0.0\n6                       1.0                           1.0                                         0.0                                       0.0                                                    0.0                      0.0\n7                       1.0                           1.0                                         0.0                                       0.0                                                    0.0                      0.0\n8                       1.0                           1.0                                         0.0                                       0.0                                                    0.0                      0.0\n9                       1.0                           1.0                                         0.0                                       0.0                                                    0.0                      0.0"
}