{
    "instance_id": "ws_en_013",
    "score": 0.0,
    "precision_by_row": 0.6428571428571429,
    "recall_by_row": 0.08256880733944955,
    "f1_by_row": 0.14634146341463414,
    "precision_by_item": 0.6904761904761905,
    "recall_by_item": 0.08868501529051988,
    "f1_by_item": 0.15718157181571815,
    "msg": "    album_exact_match  releaseyear_exact_match  song_exact_match\n0                 1.0                      1.0               1.0\n1                 0.0                      0.0               1.0\n2                 0.0                      0.0               1.0\n3                 1.0                      1.0               1.0\n4                 1.0                      1.0               1.0\n5                 1.0                      1.0               1.0\n6                 1.0                      1.0               1.0\n7                 1.0                      1.0               1.0\n8                 1.0                      1.0               1.0\n9                 1.0                      1.0               1.0\n10                1.0                      1.0               1.0"
}