{
    "instance_id": "ws_zh_008",
    "score": 0.0,
    "precision_by_row": 0.0,
    "recall_by_row": 0.0,
    "f1_by_row": 0.0,
    "precision_by_item": 0.06666666666666667,
    "recall_by_item": 0.0004591368227731864,
    "f1_by_item": 0.0009119927040583676,
    "msg": "   年份_exact_match  院校_exact_match  专业组_exact_match  投档线总分_exact_match  本段人数_number_near  累计人数_number_near\n0             1.0             1.0              1.0                1.0               0.0               0.0"
}