{
    "instance_id": "ws_en_026",
    "score": 0.0,
    "precision_by_row": 0.29545454545454547,
    "recall_by_row": 0.26,
    "f1_by_row": 0.27659574468085113,
    "precision_by_item": 0.7727272727272727,
    "recall_by_item": 0.68,
    "f1_by_item": 0.7234042553191491,
    "msg": "    state_exact_match  numberofcongressionaldistricts_exact_match  numberofelectors_exact_match  governor(party)_llm_judge  senator1(party)&senator2(party)_llm_judge\n0                 1.0                                         1.0                           1.0                          1                                          1\n1                 1.0                                         1.0                           1.0                          1                                          0\n2                 1.0                                         0.0                           0.0                          1                                          0\n3                 1.0                                         1.0                           1.0                          1                                          1\n4                 1.0                                         1.0                           1.0                          0                                          1\n5                 1.0                                         1.0                           1.0                          1                                          0\n6                 1.0                                         0.0                           0.0                          1                                          1\n7                 1.0                                         1.0                           1.0                          1                                          0\n8                 1.0                                         1.0                           1.0                          1                                          1\n9                 1.0                                         1.0                           0.0                          1                                          0\n10                1.0                                         1.0                           1.0                          1                                          0\n11                1.0                                         1.0                           1.0                          0                                          1\n12                1.0                                         1.0                           1.0                          1                                          1\n13                1.0                                         1.0                           1.0                          1                                          1\n14                1.0                                         1.0                           1.0                          0                                          0\n15                1.0                                         0.0                           0.0                          1                                          1\n16                1.0                                         1.0                           1.0                          1                                          1\n17                1.0                                         1.0                           1.0                          1                                          1\n18                1.0                                         1.0                           1.0                          1                                          0\n19                1.0                                         0.0                           0.0                          1                                          1\n20                1.0                                         1.0                           1.0                          0                                          0\n21                1.0                                         1.0                           1.0                          0                                          1\n22                1.0                                         0.0                           1.0                          1                                          1\n23                1.0                                         1.0                           1.0                          1                                          1\n24                1.0                                         1.0                           1.0                          1                                          0\n25                1.0                                         0.0                           0.0                          1                                          1\n26                1.0                                         0.0                           0.0                          1                                          0\n27                1.0                                         1.0                           1.0                          1                                          0\n28                1.0                                         0.0                           0.0                          1                                          0\n29                1.0                                         1.0                           1.0                          1                                          0\n30                1.0                                         0.0                           0.0                          0                                          1\n31                1.0                                         0.0                           0.0                          1                                          0\n32                1.0                                         0.0                           1.0                          1                                          1\n33                1.0                                         0.0                           1.0                          1                                          1\n34                1.0                                         1.0                           1.0                          1                                          1\n35                1.0                                         1.0                           1.0                          1                                          0\n36                1.0                                         0.0                           0.0                          1                                          1\n37                1.0                                         1.0                           1.0                          1                                          0\n38                1.0                                         1.0                           1.0                          1                                          0\n39                1.0                                         1.0                           1.0                          1                                          1\n40                1.0                                         1.0                           1.0                          1                                          1\n41                1.0                                         0.0                           0.0                          1                                          1\n42                1.0                                         1.0                           1.0                          1                                          1\n43                1.0                                         1.0                           1.0                          1                                          1"
}