{
    "instance_id": "ws_zh_006",
    "score": 0.0,
    "precision_by_row": 0.0,
    "recall_by_row": 0.0,
    "f1_by_row": 0.0,
    "precision_by_item": 0.4696969696969697,
    "recall_by_item": 0.018128654970760234,
    "f1_by_item": 0.034909909909909914,
    "msg": "    品牌_exact_match  产品系列_llm_judge  产品名称_exact_match  香型_exact_match  规格(/瓶)_llm_judge  酒精度_llm_judge\n0              1.0               0               1.0             0.0                 0              0\n1              1.0               0               1.0             0.0                 0              0\n2              1.0               0               1.0             0.0                 0              0\n3              1.0               0               1.0             0.0                 0              0\n4              1.0               0               1.0             1.0                 1              1\n5              1.0               0               1.0             1.0                 0              0\n6              1.0               0               1.0             1.0                 0              0\n7              1.0               0               1.0             1.0                 0              0\n8              1.0               0               1.0             1.0                 0              0\n9              1.0               0               1.0             1.0                 0              0\n10             1.0               0               1.0             1.0                 0              0"
}