{
    "instance_id": "ws_zh_084",
    "score": 0.0,
    "precision_by_row": 0.05,
    "recall_by_row": 0.05,
    "f1_by_row": 0.05000000000000001,
    "precision_by_item": 0.61875,
    "recall_by_item": 0.61875,
    "f1_by_item": 0.61875,
    "msg": "    年份_exact_match  平台类型_exact_match  用户规模（亿）_number_near  市场收入（亿元）_number_near\n0              1.0               1.0                  0.0                   0.0\n1              1.0               1.0                  0.0                   0.0\n2              1.0               1.0                  0.0                   0.0\n3              1.0               1.0                  1.0                   0.0\n4              1.0               1.0                  0.0                   0.0\n5              1.0               1.0                  0.0                   0.0\n6              1.0               1.0                  0.0                   0.0\n7              1.0               1.0                  1.0                   1.0\n8              1.0               1.0                  0.0                   0.0\n9              1.0               1.0                  0.0                   0.0\n10             1.0               1.0                  0.0                   0.0\n11             1.0               1.0                  1.0                   0.0\n12             1.0               1.0                  0.0                   0.0\n13             1.0               1.0                  0.0                   0.0\n14             1.0               1.0                  0.0                   0.0\n15             1.0               1.0                  1.0                   0.0\n16             1.0               1.0                  0.0                   0.0\n17             1.0               1.0                  0.0                   0.0\n18             1.0               1.0                  0.0                   0.0\n19             1.0               1.0                  1.0                   1.0\n20             1.0               1.0                  0.0                   0.0\n21             1.0               1.0                  1.0                   0.0\n22             1.0               1.0                  1.0                   0.0\n23             1.0               1.0                  0.0                   0.0\n24             1.0               1.0                  0.0                   0.0\n25             1.0               1.0                  1.0                   0.0\n26             1.0               1.0                  1.0                   0.0\n27             1.0               1.0                  1.0                   0.0\n28             1.0               1.0                  0.0                   0.0\n29             1.0               1.0                  1.0                   0.0\n30             1.0               1.0                  1.0                   0.0\n31             1.0               1.0                  0.0                   0.0\n32             1.0               1.0                  1.0                   0.0\n33             1.0               1.0                  1.0                   0.0\n34             1.0               1.0                  1.0                   0.0\n35             1.0               1.0                  0.0                   0.0\n36             1.0               1.0                  0.0                   0.0\n37             1.0               1.0                  1.0                   0.0\n38             1.0               1.0                  1.0                   0.0\n39             1.0               1.0                  0.0                   0.0"
}