{
    "instance_id": "ws_zh_045",
    "score": 0.0,
    "precision_by_row": 0.0,
    "recall_by_row": 0.0,
    "f1_by_row": 0.0,
    "precision_by_item": 0.16666666666666666,
    "recall_by_item": 0.043859649122807015,
    "f1_by_item": 0.06944444444444445,
    "msg": "   娱乐公司_llm_judge  女团名_llm_judge  出道日期_exact_match  专辑名_exact_match  发行时间_exact_match  包含歌曲_llm_judge\n0               0              0               0.0              1.0               0.0               0\n1               1              1               0.0              1.0               0.0               1"
}