{
    "instance_id": "ws_zh_036",
    "score": 0.0,
    "precision_by_row": 0.0,
    "recall_by_row": 0.0,
    "f1_by_row": 0.0,
    "precision_by_item": 0.5666666666666667,
    "recall_by_item": 0.11333333333333333,
    "f1_by_item": 0.1888888888888889,
    "msg": "   赛季_exact_match  所属联赛_exact_match  冠军俱乐部名称_llm_judge  mvp球员_llm_judge  所属俱乐部_llm_judge  评分_number_near\n0             1.0               1.0                  1                0                1             0.0\n1             1.0               1.0                  1                1                1             0.0\n2             1.0               1.0                  1                0                1             0.0\n3             1.0               1.0                  0                0                0             0.0\n4             1.0               1.0                  0                0                0             0.0"
}