{
    "instance_id": "ws_zh_033",
    "score": 0.0,
    "precision_by_row": 0.0,
    "recall_by_row": 0.0,
    "f1_by_row": 0.0,
    "precision_by_item": 0.3333333333333333,
    "recall_by_item": 0.027777777777777776,
    "f1_by_item": 0.05128205128205128,
    "msg": "   2024年steam年度最畅销游戏_exact_match  发行公司_llm_judge  获奖游戏_llm_judge\n0                            1.0               0               0"
}