{
    "instance_id": "ws_zh_041",
    "score": 0.0,
    "precision_by_row": 0.0,
    "recall_by_row": 0.0,
    "f1_by_row": 0.0,
    "precision_by_item": 0.2916666666666667,
    "recall_by_item": 0.041666666666666664,
    "f1_by_item": 0.07291666666666666,
    "msg": "   招聘单位_exact_match  招聘岗位_llm_judge  招聘人数_exact_match  报考年龄_llm_judge  进面比例_llm_judge  报名时间_llm_judge\n0               1.0               1               1.0               0               0               0\n1               1.0               1               0.0               0               0               0\n2               1.0               1               0.0               0               0               0"
}