{
    "instance_id": "ws_en_037",
    "score": 0.0,
    "precision_by_row": 0.125,
    "recall_by_row": 0.07692307692307693,
    "f1_by_row": 0.09523809523809525,
    "precision_by_item": 0.5416666666666666,
    "recall_by_item": 0.3333333333333333,
    "f1_by_item": 0.4126984126984126,
    "msg": "   season_llm_judge  couplemarriedattheshow_exact_match  status_exact_match\n0                 1                                 1.0                 1.0\n1                 0                                 1.0                 1.0\n2                 0                                 1.0                 1.0\n3                 0                                 1.0                 0.0\n4                 0                                 1.0                 1.0\n5                 0                                 1.0                 0.0\n6                 0                                 1.0                 1.0"
}