{
    "instance_id": "ws_en_088",
    "score": 0.0,
    "precision_by_row": 0.5333333333333333,
    "recall_by_row": 0.08,
    "f1_by_row": 0.1391304347826087,
    "precision_by_item": 0.7833333333333333,
    "recall_by_item": 0.1175,
    "f1_by_item": 0.2043478260869565,
    "msg": "    year_exact_match  rank_exact_match  song_llm_judge  artist_llm_judge\n0                1.0               1.0               0                 0\n1                1.0               1.0               1                 1\n2                1.0               1.0               1                 1\n3                1.0               1.0               1                 1\n4                1.0               1.0               1                 1\n5                1.0               1.0               0                 0\n6                1.0               1.0               0                 1\n7                1.0               1.0               1                 1\n8                1.0               1.0               1                 1\n9                1.0               1.0               1                 1\n10               1.0               1.0               1                 1\n11               1.0               1.0               0                 0\n12               1.0               1.0               0                 0\n13               1.0               1.0               0                 0\n14               1.0               1.0               0                 0"
}