{
    "instance_id": "ws_zh_021",
    "score": 0.0,
    "precision_by_row": 0.2,
    "recall_by_row": 0.03333333333333333,
    "f1_by_row": 0.05714285714285715,
    "precision_by_item": 0.7714285714285715,
    "recall_by_item": 0.12857142857142856,
    "f1_by_item": 0.2204081632653061,
    "msg": "   年份_exact_match  国家_exact_match  全球排名_exact_match  军费支出_number_near  当年gdp_number_near  总统_llm_judge  国防部长_llm_judge\n0             1.0             1.0               1.0               1.0                1.0             1               1\n1             1.0             1.0               1.0               1.0                1.0             1               0\n2             1.0             1.0               0.0               0.0                1.0             1               0\n3             1.0             1.0               0.0               1.0                1.0             1               0\n4             1.0             1.0               0.0               1.0                1.0             0               1"
}