{
    "instance_id": "ws_zh_026",
    "score": 0.0,
    "precision_by_row": 0.09090909090909091,
    "recall_by_row": 0.006060606060606061,
    "f1_by_row": 0.011363636363636366,
    "precision_by_item": 0.1590909090909091,
    "recall_by_item": 0.010606060606060607,
    "f1_by_item": 0.019886363636363636,
    "msg": "   软科世界一流学科_exact_match  软科学科2024排名_exact_match  学校名称_exact_match  qs学校2025排名_exact_match\n0                   1.0                     1.0               1.0                     1.0\n1                   1.0                     1.0               1.0                     0.0"
}