{
    "instance_id": "ws_zh_012",
    "score": 0.0,
    "precision_by_row": 0.0,
    "recall_by_row": 0.0,
    "f1_by_row": 0.0,
    "precision_by_item": 0.7333333333333333,
    "recall_by_item": 0.016541353383458645,
    "f1_by_item": 0.032352941176470584,
    "msg": "   排名_exact_match  企业名称_exact_match  营业收入（百万美元）_number_near  利润（百万美元）_number_near  总部所在城市_llm_judge\n0             1.0               1.0                     1.0                   0.0                 1\n1             1.0               1.0                     1.0                   0.0                 1\n2             1.0               1.0                     0.0                   0.0                 1"
}