{
    "instance_id": "ws_en_074",
    "score": 0.0,
    "precision_by_row": 0.0,
    "recall_by_row": 0.0,
    "f1_by_row": 0.0,
    "precision_by_item": 0.30612244897959184,
    "recall_by_item": 0.08928571428571429,
    "f1_by_item": 0.13824884792626727,
    "msg": "   year_exact_match  country_exact_match  party_exact_match  partypresident_llm_judge  popularvote_number_near  voteshare(%)_number_near  winningparty/bloc_llm_judge\n0               1.0                  1.0                1.0                         1                      0.0                       1.0                            0\n1               1.0                  1.0                1.0                         0                      0.0                       0.0                            0\n2               1.0                  1.0                1.0                         0                      0.0                       1.0                            0\n3               1.0                  1.0                1.0                         0                      0.0                       0.0                            0"
}