{
    "instance_id": "ws_zh_029",
    "score": 0.0,
    "precision_by_row": 0.5,
    "recall_by_row": 0.02,
    "f1_by_row": 0.038461538461538464,
    "precision_by_item": 0.6666666666666666,
    "recall_by_item": 0.02666666666666667,
    "f1_by_item": 0.05128205128205129,
    "msg": "   书名_exact_match  作者_llm_judge  出版时间_date_near\n0             1.0             1             1.0\n1             1.0             0             0.0"
}