{
    "instance_id": "ws_en_053",
    "score": 0.0,
    "precision_by_row": 0.0,
    "recall_by_row": 0.0,
    "f1_by_row": 0.0,
    "precision_by_item": 0.3532608695652174,
    "recall_by_item": 0.09789156626506024,
    "f1_by_item": 0.15330188679245282,
    "msg": "    reactorname_exact_match  country_llm_judge  reactortype_llm_judge  netcapacity(mw)_number_near  constructionstartyear_exact_match  firstgridconnectiondate_date_near  commercialoperationdate_date_near  currentstatus_llm_judge\n0                       1.0                  1                      0                          0.0                                0.0                                0.0                                0.0                        1\n1                       1.0                  1                      0                          0.0                                0.0                                0.0                                0.0                        1\n2                       1.0                  1                      0                          0.0                                0.0                                0.0                                0.0                        1\n3                       1.0                  1                      0                          0.0                                1.0                                0.0                                0.0                        1\n4                       1.0                  1                      0                          1.0                                0.0                                0.0                                0.0                        1\n5                       1.0                  1                      0                          0.0                                0.0                                0.0                                0.0                        1\n6                       1.0                  1                      0                          1.0                                0.0                                0.0                                0.0                        1\n7                       1.0                  1                      0                          0.0                                0.0                                0.0                                0.0                        1\n8                       1.0                  1                      0                          0.0                                0.0                                0.0                                0.0                        1\n9                       1.0                  1                      0                          0.0                                0.0                                1.0                                0.0                        1\n10                      1.0                  1                      0                          0.0                                0.0                                0.0                                0.0                        1\n11                      1.0                  1                      0                          1.0                                1.0                                0.0                                0.0                        1\n12                      1.0                  1                      0                          1.0                                0.0                                0.0                                1.0                        1\n13                      1.0                  1                      0                          0.0                                0.0                                0.0                                0.0                        1\n14                      1.0                  1                      0                          0.0                                0.0                                0.0                                0.0                        1\n15                      1.0                  1                      0                          0.0                                0.0                                0.0                                0.0                        1\n16                      1.0                  1                      0                          0.0                                0.0                                0.0                                0.0                        1\n17                      1.0                  1                      0                          0.0                                0.0                                0.0                                0.0                        1\n18                      1.0                  1                      0                          0.0                                0.0                                0.0                                0.0                        1"
}