{
    "instance_id": "ws_zh_051",
    "score": 0.0,
    "precision_by_row": 0.16666666666666666,
    "recall_by_row": 0.05714285714285714,
    "f1_by_row": 0.0851063829787234,
    "precision_by_item": 0.6041666666666666,
    "recall_by_item": 0.20714285714285716,
    "f1_by_item": 0.30851063829787234,
    "msg": "    中文名称_exact_match  英文名称_llm_judge  中国上映时间_exact_match  中国大陆票房（单位：人民币）_number_near\n0                1.0               1                 0.0                         0.0\n1                1.0               1                 0.0                         0.0\n2                1.0               0                 0.0                         0.0\n3                1.0               1                 1.0                         1.0\n4                1.0               1                 1.0                         0.0\n5                1.0               1                 0.0                         0.0\n6                1.0               1                 0.0                         0.0\n7                1.0               1                 0.0                         0.0\n8                1.0               0                 0.0                         0.0\n9                1.0               1                 1.0                         1.0\n10               1.0               1                 0.0                         1.0\n11               1.0               1                 1.0                         0.0"
}