{
    "instance_id": "ws_en_092",
    "score": 0.0,
    "precision_by_row": 0.14285714285714285,
    "recall_by_row": 0.0425531914893617,
    "f1_by_row": 0.06557377049180327,
    "precision_by_item": 0.2857142857142857,
    "recall_by_item": 0.0851063829787234,
    "f1_by_item": 0.13114754098360654,
    "msg": "   companyname_exact_match  debutyear_exact_match  officialgroupname(english)_exact_match  firstwinsong_llm_judge  firstwindate_exact_match\n0                      1.0                    1.0                                     1.0                       0                       0.0\n1                      1.0                    1.0                                     1.0                       1                       1.0\n2                      1.0                    1.0                                     1.0                       0                       0.0\n3                      1.0                    0.0                                     1.0                       0                       0.0\n4                      1.0                    0.0                                     1.0                       0                       0.0\n5                      1.0                    1.0                                     1.0                       1                       1.0"
}