{
    "instance_id": "ws_zh_020",
    "score": 0.0,
    "precision_by_row": 0.5,
    "recall_by_row": 0.008968609865470852,
    "f1_by_row": 0.017621145374449337,
    "precision_by_item": 0.6666666666666666,
    "recall_by_item": 0.01195814648729447,
    "f1_by_item": 0.023494860499265788,
    "msg": "   年度_exact_match  感动中国年度人物_exact_match  颁奖辞_llm_judge\n0             1.0                   1.0              0\n1             1.0                   1.0              1\n2             1.0                   1.0              1"
}