{
    "instance_id": "ws_zh_060",
    "score": 0.0,
    "precision_by_row": 0.0,
    "recall_by_row": 0.0,
    "f1_by_row": 0.0,
    "precision_by_item": 0.35714285714285715,
    "recall_by_item": 0.21008403361344538,
    "f1_by_item": 0.2645502645502646,
    "msg": "   模型名称_exact_match  公司_llm_judge  上下文窗口_llm_judge  aime2025_number_near  swe-benchverified_number_near  tau-bench-airline_number_near  tau-bench-retail_number_near\n0               1.0             0                0                   0.0                            0.0                            1.0                           0.0\n1               1.0             0                0                   0.0                            0.0                            1.0                           1.0\n2               1.0             1                0                   0.0                            1.0                            0.0                           0.0\n3               1.0             1                0                   0.0                            1.0                            0.0                           0.0\n4               1.0             1                0                   0.0                            0.0                            0.0                           0.0\n5               1.0             1                0                   0.0                            0.0                            1.0                           0.0\n6               1.0             1                1                   0.0                            0.0                            1.0                           1.0\n7               1.0             1                0                   0.0                            0.0                            1.0                           1.0"
}