{
    "instance_id": "ws_zh_013",
    "score": 0.0,
    "precision_by_row": 0.2,
    "recall_by_row": 0.008064516129032258,
    "f1_by_row": 0.015503875968992248,
    "precision_by_item": 0.3,
    "recall_by_item": 0.012096774193548387,
    "f1_by_item": 0.023255813953488372,
    "msg": "   届数_exact_match  奖项名称_exact_match  获奖歌曲/专辑_llm_judge  演唱者_llm_judge\n0             1.0               1.0                  1              1\n1             1.0               1.0                  0              0"
}