{
    "instance_id": "ws_zh_049",
    "score": 0.0,
    "precision_by_row": 0.02040816326530612,
    "recall_by_row": 0.011111111111111112,
    "f1_by_row": 0.014388489208633094,
    "precision_by_item": 0.6081632653061224,
    "recall_by_item": 0.33111111111111113,
    "f1_by_item": 0.4287769784172662,
    "msg": "    年份_exact_match  种类_exact_match  排名_exact_match  书籍_llm_judge  作者_llm_judge\n0              1.0             1.0             1.0             0             0\n1              1.0             1.0             1.0             0             0\n2              1.0             1.0             1.0             0             0\n3              1.0             1.0             1.0             0             0\n4              1.0             1.0             1.0             0             0\n5              1.0             1.0             1.0             0             0\n6              1.0             1.0             1.0             0             0\n7              1.0             1.0             1.0             0             0\n8              1.0             1.0             1.0             0             0\n9              1.0             1.0             1.0             0             0\n10             1.0             1.0             1.0             0             0\n11             1.0             1.0             1.0             0             0\n12             1.0             1.0             1.0             0             0\n13             1.0             1.0             1.0             0             0\n14             1.0             1.0             1.0             0             0\n15             1.0             1.0             1.0             0             0\n16             1.0             1.0             1.0             0             0\n17             1.0             1.0             1.0             0             0\n18             1.0             1.0             1.0             0             0\n19             1.0             1.0             1.0             0             0\n20             1.0             1.0             1.0             0             0\n21             1.0             1.0             1.0             0             0\n22             1.0             1.0             1.0             0             0\n23             1.0             1.0             1.0             0             0\n24             1.0             1.0             1.0             0             0\n25             1.0             1.0             1.0             0             0\n26             1.0             1.0             1.0             1             1\n27             1.0             1.0             1.0             0             0\n28             1.0             1.0             1.0             0             0\n29             1.0             1.0             1.0             0             0\n30             1.0             1.0             1.0             0             0\n31             1.0             1.0             1.0             0             0\n32             1.0             1.0             1.0             0             0\n33             1.0             1.0             1.0             0             0\n34             1.0             1.0             1.0             0             0\n35             1.0             1.0             1.0             0             0\n36             1.0             1.0             1.0             0             0\n37             1.0             1.0             1.0             0             0\n38             1.0             1.0             1.0             0             0\n39             1.0             1.0             1.0             0             0\n40             1.0             1.0             1.0             0             0\n41             1.0             1.0             1.0             0             0\n42             1.0             1.0             1.0             0             0\n43             1.0             1.0             1.0             0             0\n44             1.0             1.0             1.0             0             0\n45             1.0             1.0             1.0             0             0\n46             1.0             1.0             1.0             0             0\n47             1.0             1.0             1.0             0             0\n48             1.0             1.0             1.0             0             0"
}