{
    "instance_id": "ws_zh_049",
    "score": 0.0,
    "precision_by_row": 0.1111111111111111,
    "recall_by_row": 0.03333333333333333,
    "f1_by_row": 0.05128205128205128,
    "precision_by_item": 0.6518518518518519,
    "recall_by_item": 0.19555555555555557,
    "f1_by_item": 0.3008547008547009,
    "msg": "    年份_exact_match  种类_exact_match  排名_exact_match  书籍_llm_judge  作者_llm_judge\n0              1.0             1.0             1.0             0             0\n1              1.0             1.0             1.0             0             0\n2              1.0             1.0             1.0             0             0\n3              1.0             1.0             1.0             0             0\n4              1.0             1.0             1.0             0             0\n5              1.0             1.0             1.0             0             0\n6              1.0             1.0             1.0             0             0\n7              1.0             1.0             1.0             0             0\n8              1.0             1.0             1.0             0             0\n9              1.0             1.0             1.0             1             0\n10             1.0             1.0             1.0             0             0\n11             1.0             1.0             1.0             0             0\n12             1.0             1.0             1.0             0             0\n13             1.0             1.0             1.0             0             0\n14             1.0             1.0             1.0             0             0\n15             1.0             1.0             1.0             0             0\n16             1.0             1.0             1.0             0             0\n17             1.0             1.0             1.0             0             0\n18             1.0             1.0             1.0             1             1\n19             1.0             1.0             1.0             1             1\n20             1.0             1.0             1.0             1             1\n21             1.0             1.0             1.0             0             0\n22             1.0             1.0             1.0             0             0\n23             1.0             1.0             1.0             0             0\n24             1.0             1.0             1.0             0             0\n25             1.0             1.0             1.0             0             0\n26             1.0             1.0             1.0             0             0"
}