{
    "instance_id": "ws_zh_072",
    "score": 0.0,
    "precision_by_row": 0.0,
    "recall_by_row": 0.0,
    "f1_by_row": 0.0,
    "precision_by_item": 0.4375,
    "recall_by_item": 0.041666666666666664,
    "f1_by_item": 0.07608695652173912,
    "msg": "   平台名_llm_judge  恋综名称_exact_match  节目牵手嘉宾_llm_judge  仍未分手cp_llm_judge\n0              1               1.0                 0                 0\n1              1               1.0                 0                 0\n2              1               1.0                 0                 0\n3              0               1.0                 0                 0"
}