{
    "instance_id": "ws_en_081",
    "score": 0.0,
    "precision_by_row": 1.0,
    "recall_by_row": 0.08333333333333333,
    "f1_by_row": 0.15384615384615385,
    "precision_by_item": 1.0,
    "recall_by_item": 0.08333333333333333,
    "f1_by_item": 0.15384615384615385,
    "msg": "   2024steambest-sellinggames_exact_match  publisher_llm_judge  award-winninggames_llm_judge\n0                                     1.0                    1                             1"
}