{
    "instance_id": "ws_en_057",
    "score": 0.0,
    "precision_by_row": 0.0,
    "recall_by_row": 0.0,
    "f1_by_row": 0.0,
    "precision_by_item": 0.22,
    "recall_by_item": 0.21153846153846154,
    "f1_by_item": 0.2156862745098039,
    "msg": "    filmtitle_exact_match  releasedate_date_near  nominations_llm_judge  awards_llm_judge\n0                     1.0                    1.0                      0                 0\n1                     1.0                    0.0                      0                 0\n2                     1.0                    1.0                      0                 0\n3                     1.0                    1.0                      0                 0\n4                     1.0                    1.0                      0                 0\n5                     1.0                    1.0                      0                 0\n6                     1.0                    0.0                      0                 0\n7                     1.0                    1.0                      0                 0\n8                     1.0                    1.0                      0                 0\n9                     1.0                    1.0                      0                 0\n10                    1.0                    1.0                      0                 0\n11                    1.0                    0.0                      0                 1"
}