{
    "instance_id": "ws_en_055",
    "score": 0.0,
    "precision_by_row": 0.07407407407407407,
    "recall_by_row": 0.08,
    "f1_by_row": 0.07692307692307691,
    "precision_by_item": 0.21296296296296297,
    "recall_by_item": 0.23,
    "f1_by_item": 0.22115384615384615,
    "msg": "   park_exact_match  location_exact_match  owningentity/company_llm_judge  attendance(inthousands)_number_near\n0               1.0                   1.0                               1                                  1.0\n1               1.0                   1.0                               1                                  0.0\n2               1.0                   1.0                               1                                  1.0\n3               1.0                   1.0                               1                                  0.0\n4               1.0                   1.0                               1                                  0.0\n5               1.0                   1.0                               1                                  0.0\n6               1.0                   1.0                               1                                  0.0"
}