{
    "instance_id": "ws_en_043",
    "score": 0.0,
    "precision_by_row": 0.5,
    "recall_by_row": 0.06349206349206349,
    "f1_by_row": 0.11267605633802816,
    "precision_by_item": 0.875,
    "recall_by_item": 0.1111111111111111,
    "f1_by_item": 0.19718309859154926,
    "msg": "   park_exact_match  states_llm_judge  price(peradult)_exact_match  mountainscenery_exact_match\n0               1.0                 1                          1.0                          1.0\n1               1.0                 1                          0.0                          1.0\n2               1.0                 1                          1.0                          1.0\n3               1.0                 1                          1.0                          1.0\n4               1.0                 1                          0.0                          1.0\n5               1.0                 1                          1.0                          1.0\n6               1.0                 1                          0.0                          1.0\n7               1.0                 1                          0.0                          1.0"
}