{
    "instance_id": "ws_en_044",
    "score": 0.0,
    "precision_by_row": 0.3333333333333333,
    "recall_by_row": 0.025,
    "f1_by_row": 0.046511627906976744,
    "precision_by_item": 0.6666666666666666,
    "recall_by_item": 0.05,
    "f1_by_item": 0.09302325581395349,
    "msg": "   museum_exact_match  address_llm_judge  businesshours_llm_judge  admissionfeestatus(freeorcharged)_llm_judge\n0                 1.0                  0                        0                                            1\n1                 1.0                  1                        1                                            1\n2                 1.0                  0                        0                                            1"
}