{
    "instance_id": "ws_en_006",
    "score": 0.0,
    "precision_by_row": 0.0,
    "recall_by_row": 0.0,
    "f1_by_row": 0.0,
    "precision_by_item": 0.4666666666666667,
    "recall_by_item": 0.010486891385767791,
    "f1_by_item": 0.020512820512820513,
    "msg": "   date_exact_match  theconcert’senglishname_exact_match  hostcountry_exact_match  hostcity_llm_judge  hostvenue_llm_judge\n0               1.0                                  1.0                      1.0                   1                    0\n1               1.0                                  0.0                      0.0                   0                    0\n2               1.0                                  0.0                      0.0                   0                    0\n3               1.0                                  0.0                      0.0                   0                    0\n4               1.0                                  0.0                      1.0                   1                    1\n5               1.0                                  0.0                      1.0                   1                    0\n6               1.0                                  0.0                      1.0                   0                    0\n7               1.0                                  1.0                      1.0                   1                    0\n8               1.0                                  1.0                      1.0                   1                    0\n9               1.0                                  1.0                      1.0                   1                    0"
}