{
  "score": {
    "avg_n": 0.0,
    "max_n": 0.0,
    "min_n": 0.0
  },
  "precision_by_row": {
    "avg_n": 0.0603195979555978,
    "max_n": 0.14218353368740366,
    "min_n": 0.00926279458268856
  },
  "recall_by_row": {
    "avg_n": 0.014677350062732153,
    "max_n": 0.03370410967014813,
    "min_n": 0.0018784445017936803
  },
  "f1_by_row": {
    "avg_n": 0.019767615985349474,
    "max_n": 0.04428286617117219,
    "min_n": 0.0029837166308291185
  },
  "precision_by_item": {
    "avg_n": 0.3648683302927088,
    "max_n": 0.5434880502576878,
    "min_n": 0.19291395517758758
  },
  "recall_by_item": {
    "avg_n": 0.12653376108881756,
    "max_n": 0.2069791674516552,
    "min_n": 0.05483499396954612
  },
  "f1_by_item": {
    "avg_n": 0.1554454242310965,
    "max_n": 0.24368840910774595,
    "min_n": 0.07413382407454899
  }
}