{
    "instance_id": "ws_zh_033",
    "score": 0.0,
    "precision_by_row": 0.0,
    "recall_by_row": 0.0,
    "f1_by_row": 0.0,
    "precision_by_item": 0.6666666666666666,
    "recall_by_item": 0.05555555555555555,
    "f1_by_item": 0.10256410256410256,
    "msg": "   2024年steam年度最畅销游戏_exact_match  发行公司_llm_judge  获奖游戏_llm_judge\n0                            1.0               1               0"
}