{
    "instance_id": "ws_en_012",
    "score": 0.0,
    "precision_by_row": 0.0,
    "recall_by_row": 0.0,
    "f1_by_row": 0.0,
    "precision_by_item": 0.38271604938271603,
    "recall_by_item": 0.2152777777777778,
    "f1_by_item": 0.2755555555555555,
    "msg": "   yearofaward_exact_match  fullname_llm_judge  gender_exact_match  dateofbirth_date_near  countryofbirth_llm_judge  university_llm_judge  devotedcountry_llm_judge  background/occupation_llm_judge  majorcontributions_llm_judge\n0                      1.0                   0                 0.0                    0.0                         1                     0                         1                                0                             0\n1                      1.0                   0                 1.0                    0.0                         0                     0                         0                                1                             0\n2                      1.0                   0                 0.0                    0.0                         0                     0                         0                                0                             0\n3                      1.0                   0                 1.0                    0.0                         1                     0                         0                                1                             1\n4                      1.0                   0                 1.0                    0.0                         0                     0                         0                                1                             0\n5                      1.0                   0                 1.0                    0.0                         1                     0                         1                                1                             0\n6                      1.0                   0                 1.0                    0.0                         0                     0                         0                                1                             0\n7                      1.0                   0                 0.0                    0.0                         1                     0                         0                                1                             0\n8                      1.0                   1                 1.0                    0.0                         1                     0                         1                                0                             0"
}