{
    "instance_id": "ws_zh_077",
    "score": 0.0,
    "precision_by_row": 0.0,
    "recall_by_row": 0.0,
    "f1_by_row": 0.0,
    "precision_by_item": 0.6428571428571429,
    "recall_by_item": 0.04945054945054945,
    "f1_by_item": 0.09183673469387754,
    "msg": "   论文题目_exact_match  作者_llm_judge  发表时间_exact_match  发表刊物_llm_judge  关键词_llm_judge  doi号_exact_match  基金资助_llm_judge\n0               1.0             1               0.0               1              0               1.0               1\n1               1.0             1               0.0               0              0               1.0               1"
}