{
    "instance_id": "ws_en_003",
    "score": 0.0,
    "precision_by_row": 0.0,
    "recall_by_row": 0.0,
    "f1_by_row": 0.0,
    "precision_by_item": 0.8333333333333334,
    "recall_by_item": 0.044642857142857144,
    "f1_by_item": 0.0847457627118644,
    "msg": "   date_exact_match  eventname_exact_match  level_llm_judge  discipline_exact_match  result_llm_judge  top3players_llm_judge\n0               1.0                    1.0                1                     1.0                 1                      0\n1               1.0                    1.0                1                     1.0                 1                      0\n2               1.0                    1.0                1                     1.0                 1                      0"
}