{
    "instance_id": "ws_zh_034",
    "score": 0.0,
    "precision_by_row": 0.0,
    "recall_by_row": 0.0,
    "f1_by_row": 0.0,
    "precision_by_item": 0.5272727272727272,
    "recall_by_item": 0.5272727272727272,
    "f1_by_item": 0.5272727272727272,
    "msg": "   公司名称_exact_match  股票代码_exact_match  上市日期_exact_match  上市板块_llm_judge  首发价格（元/股）_exact_match  募集资金总额（元）_number_near  主营业务_llm_judge  2024营业收入（元）_number_near  2024归母净利润（元）_number_near  2024毛利率_number_near  2024研发费用（元）_number_near\n0               1.0               1.0               0.0               1                    0.0                    1.0               0                      1.0                       1.0                  1.0                      0.0\n1               1.0               1.0               0.0               1                    0.0                    0.0               1                      1.0                       0.0                  0.0                      1.0\n2               1.0               1.0               0.0               1                    0.0                    0.0               1                      1.0                       1.0                  0.0                      0.0\n3               1.0               1.0               0.0               1                    0.0                    1.0               1                      0.0                       0.0                  0.0                      0.0\n4               1.0               1.0               0.0               1                    0.0                    0.0               1                      0.0                       0.0                  0.0                      1.0"
}