{
    "instance_id": "ws_zh_062",
    "score": 0.0,
    "precision_by_row": 0.0,
    "recall_by_row": 0.0,
    "f1_by_row": 0.0,
    "precision_by_item": 0.23333333333333334,
    "recall_by_item": 0.009114583333333334,
    "f1_by_item": 0.01754385964912281,
    "msg": "   场景名称_llm_judge  具体事项_exact_match  实施方式_exact_match  牵头部门_exact_match  配合部门_llm_judge  完成时限_exact_match\n0               1               1.0               0.0               0.0               0               0.0\n1               1               1.0               0.0               0.0               0               0.0\n2               1               1.0               0.0               1.0               0               0.0"
}