{
    "instance_id": "ws_en_085",
    "score": 0.0,
    "precision_by_row": 0.3333333333333333,
    "recall_by_row": 0.09523809523809523,
    "f1_by_row": 0.14814814814814814,
    "precision_by_item": 0.8333333333333334,
    "recall_by_item": 0.23809523809523808,
    "f1_by_item": 0.37037037037037035,
    "msg": "   title_exact_match  director_llm_judge  genre_llm_judge  country/regionofproduction_llm_judge  runtime_llm_judge\n0                1.0                   1                1                                     1                  1\n1                1.0                   1                1                                     1                  0\n2                1.0                   1                1                                     1                  0\n3                1.0                   1                1                                     1                  1\n4                1.0                   1                1                                     1                  0\n5                1.0                   0                1                                     1                  0"
}