{
    "instance_id": "ws_en_085",
    "score": 0.0,
    "precision_by_row": 0.4,
    "recall_by_row": 0.09523809523809523,
    "f1_by_row": 0.15384615384615385,
    "precision_by_item": 0.56,
    "recall_by_item": 0.13333333333333333,
    "f1_by_item": 0.2153846153846154,
    "msg": "   title_exact_match  director_llm_judge  genre_llm_judge  country/regionofproduction_llm_judge  runtime_llm_judge\n0                1.0                   1                0                                     1                  1\n1                1.0                   1                1                                     1                  1\n2                1.0                   1                1                                     1                  1"
}