{
    "instance_id": "ws_en_100",
    "score": 0.0,
    "precision_by_row": 0.08333333333333333,
    "recall_by_row": 0.047619047619047616,
    "f1_by_row": 0.060606060606060615,
    "precision_by_item": 0.71875,
    "recall_by_item": 0.4107142857142857,
    "f1_by_item": 0.5227272727272728,
    "msg": "    name_exact_match  position_exact_match  tenurestartdate_exact_match  tenureenddate_exact_match  nominatingpresident_llm_judge  president’sparty_llm_judge  ideologicalleaning_exact_match  previousposition_llm_judge\n0                1.0                   1.0                          0.0                        0.0                              1                           1                             1.0                           0\n1                1.0                   1.0                          1.0                        1.0                              1                           1                             1.0                           0\n2                1.0                   1.0                          0.0                        1.0                              1                           1                             1.0                           1\n3                1.0                   1.0                          0.0                        0.0                              1                           1                             0.0                           1\n4                1.0                   1.0                          0.0                        1.0                              1                           1                             1.0                           1\n5                1.0                   1.0                          0.0                        1.0                              1                           1                             0.0                           1\n6                1.0                   1.0                          0.0                        1.0                              1                           1                             0.0                           0\n7                1.0                   1.0                          1.0                        1.0                              1                           1                             1.0                           1\n8                1.0                   1.0                          0.0                        1.0                              0                           1                             1.0                           1\n9                1.0                   1.0                          0.0                        1.0                              1                           1                             1.0                           1\n10               1.0                   1.0                          0.0                        1.0                              1                           1                             0.0                           1"
}