{
    "instance_id": "ws_zh_054",
    "score": 0.0,
    "precision_by_row": 0.0,
    "recall_by_row": 0.0,
    "f1_by_row": 0.0,
    "precision_by_item": 0.42857142857142855,
    "recall_by_item": 0.42857142857142855,
    "f1_by_item": 0.42857142857142855,
    "msg": "    公司_exact_match  年度_exact_match  总收入（亿元）_number_near  经营盈利（亿元）_number_near  经营利润率_number_near  每股基本盈利（元）_number_near\n0              1.0             1.0                  0.0                   0.0                0.0                    0.0\n1              1.0             1.0                  0.0                   0.0                0.0                    0.0\n2              1.0             1.0                  0.0                   0.0                0.0                    0.0\n3              1.0             1.0                  1.0                   0.0                0.0                    0.0\n4              1.0             1.0                  1.0                   0.0                0.0                    0.0\n5              1.0             1.0                  1.0                   0.0                0.0                    0.0\n6              1.0             1.0                  1.0                   0.0                0.0                    0.0\n7              1.0             1.0                  1.0                   0.0                0.0                    0.0\n8              1.0             1.0                  1.0                   0.0                0.0                    0.0\n9              1.0             1.0                  0.0                   0.0                0.0                    0.0\n10             1.0             1.0                  0.0                   0.0                0.0                    0.0\n11             1.0             1.0                  1.0                   0.0                0.0                    0.0\n12             1.0             1.0                  1.0                   0.0                0.0                    0.0\n13             1.0             1.0                  1.0                   0.0                0.0                    0.0\n14             1.0             1.0                  0.0                   0.0                0.0                    0.0\n15             1.0             1.0                  1.0                   0.0                0.0                    0.0\n16             1.0             1.0                  0.0                   0.0                0.0                    0.0\n17             1.0             1.0                  1.0                   0.0                0.0                    0.0\n18             1.0             1.0                  1.0                   0.0                0.0                    0.0\n19             1.0             1.0                  1.0                   0.0                0.0                    0.0\n20             1.0             1.0                  0.0                   0.0                0.0                    0.0\n21             1.0             1.0                  0.0                   0.0                0.0                    0.0\n22             1.0             1.0                  1.0                   0.0                0.0                    0.0\n23             1.0             1.0                  1.0                   0.0                0.0                    0.0\n24             1.0             1.0                  1.0                   0.0                0.0                    0.0\n25             1.0             1.0                  0.0                   0.0                0.0                    0.0\n26             1.0             1.0                  0.0                   0.0                0.0                    0.0\n27             1.0             1.0                  1.0                   0.0                0.0                    0.0\n28             1.0             1.0                  0.0                   0.0                0.0                    0.0\n29             1.0             1.0                  0.0                   0.0                0.0                    0.0\n30             1.0             1.0                  1.0                   0.0                0.0                    0.0\n31             1.0             1.0                  1.0                   0.0                0.0                    0.0\n32             1.0             1.0                  1.0                   0.0                0.0                    0.0\n33             1.0             1.0                  0.0                   0.0                0.0                    0.0\n34             1.0             1.0                  0.0                   0.0                0.0                    0.0"
}