{
    "instance_id": "ws_zh_096",
    "score": 0.0,
    "precision_by_row": 0.07142857142857142,
    "recall_by_row": 0.034482758620689655,
    "f1_by_row": 0.046511627906976744,
    "precision_by_item": 0.5178571428571429,
    "recall_by_item": 0.25,
    "f1_by_item": 0.3372093023255814,
    "msg": "    电影名称_exact_match  导演_llm_judge  上映年份_llm_judge  梁朝伟通过该电影所获奖项_llm_judge\n0                1.0             0               0                       1\n1                1.0             1               0                       0\n2                1.0             0               0                       1\n3                1.0             0               1                       0\n4                1.0             0               0                       0\n5                1.0             1               1                       1\n6                1.0             0               0                       1\n7                1.0             0               1                       1\n8                1.0             0               0                       1\n9                1.0             0               1                       0\n10               1.0             0               0                       1\n11               1.0             0               1                       1\n12               1.0             0               0                       0\n13               1.0             0               0                       0"
}