{
    "instance_id": "ws_zh_026",
    "score": 0.0,
    "precision_by_row": 0.3333333333333333,
    "recall_by_row": 0.006060606060606061,
    "f1_by_row": 0.011904761904761906,
    "precision_by_item": 0.8333333333333334,
    "recall_by_item": 0.015151515151515152,
    "f1_by_item": 0.029761904761904764,
    "msg": "   软科世界一流学科_exact_match  软科学科2024排名_exact_match  学校名称_exact_match  qs学校2025排名_exact_match\n0                   1.0                     1.0               1.0                     1.0\n1                   1.0                     1.0               1.0                     0.0\n2                   1.0                     1.0               1.0                     0.0"
}