{
    "instance_id": "ws_zh_003",
    "score": 0.0,
    "precision_by_row": 0.0,
    "recall_by_row": 0.0,
    "f1_by_row": 0.0,
    "precision_by_item": 0.6666666666666666,
    "recall_by_item": 0.011111111111111112,
    "f1_by_item": 0.021857923497267763,
    "msg": "   a区地区_llm_judge  学校_exact_match  2025年复试分数线_llm_judge\n0               0             1.0                     1"
}