{
    "instance_id": "ws_zh_064",
    "score": 0.0,
    "precision_by_row": 0.09090909090909091,
    "recall_by_row": 0.004273504273504274,
    "f1_by_row": 0.00816326530612245,
    "precision_by_item": 0.3333333333333333,
    "recall_by_item": 0.01566951566951567,
    "f1_by_item": 0.029931972789115645,
    "msg": "   所获奖项_llm_judge  作品名称_exact_match  作品体裁_llm_judge  作者名称_llm_judge  发表年份_number_near  刊登期刊/出版社_llm_judge\n0               1               1.0               1               1               1.0                   1\n1               1               1.0               1               1               0.0                   1\n2               1               1.0               1               1               0.0                   1\n3               1               1.0               1               1               0.0                   0\n4               0               1.0               1               0               0.0                   0"
}