{
    "instance_id": "ws_zh_073",
    "score": 0.0,
    "precision_by_row": 0.16666666666666666,
    "recall_by_row": 0.011904761904761904,
    "f1_by_row": 0.022222222222222223,
    "precision_by_item": 0.5555555555555556,
    "recall_by_item": 0.03968253968253968,
    "f1_by_item": 0.07407407407407407,
    "msg": "   博物馆名称_exact_match  地址_llm_judge  开放时间_llm_judge\n0                1.0             0               1\n1                1.0             1               1\n2                1.0             1               0\n3                1.0             0               1\n4                1.0             0               0"
}