{
    "instance_id": "ws_zh_003",
    "score": 0.0,
    "precision_by_row": 1.0,
    "recall_by_row": 0.08333333333333333,
    "f1_by_row": 0.15384615384615385,
    "precision_by_item": 1.0,
    "recall_by_item": 0.08333333333333333,
    "f1_by_item": 0.15384615384615385,
    "msg": "   a区地区_llm_judge  学校_exact_match  2025年复试分数线_llm_judge\n0               1             1.0                     1\n1               1             1.0                     1\n2               1             1.0                     1\n3               1             1.0                     1\n4               1             1.0                     1"
}