{
    "instance_id": "ws_zh_059",
    "score": 0.0,
    "precision_by_row": 0.0,
    "recall_by_row": 0.0,
    "f1_by_row": 0.0,
    "precision_by_item": 0.6142857142857143,
    "recall_by_item": 0.645,
    "f1_by_item": 0.6292682926829268,
    "msg": "    产品名称_exact_match  首发年份_exact_match  容量_llm_judge  容量对应售价（美元）_llm_judge  核心新增技术/功能_llm_judge\n0                1.0               1.0             1                     1                    0\n1                1.0               1.0             1                     0                    1\n2                1.0               1.0             1                     0                    0\n3                1.0               1.0             1                     0                    1\n4                1.0               1.0             1                     0                    0\n5                1.0               1.0             1                     0                    0\n6                1.0               1.0             1                     0                    1\n7                1.0               1.0             1                     0                    0\n8                1.0               1.0             1                     0                    0\n9                1.0               1.0             1                     0                    1\n10               1.0               1.0             1                     0                    1\n11               1.0               1.0             1                     0                    1\n12               1.0               1.0             1                     0                    1\n13               1.0               1.0             1                     0                    0\n14               1.0               1.0             1                     0                    0\n15               1.0               1.0             1                     0                    1\n16               1.0               1.0             1                     0                    1\n17               1.0               1.0             1                     0                    0\n18               1.0               1.0             1                     0                    0\n19               1.0               1.0             1                     0                    0\n20               1.0               1.0             1                     0                    0\n21               1.0               1.0             1                     0                    0\n22               1.0               1.0             1                     0                    1\n23               1.0               1.0             1                     0                    1\n24               1.0               1.0             1                     0                    1\n25               1.0               1.0             1                     0                    0\n26               1.0               1.0             1                     0                    0\n27               1.0               1.0             1                     0                    0\n28               1.0               1.0             1                     0                    1\n29               1.0               1.0             1                     0                    1\n30               1.0               1.0             1                     0                    0\n31               1.0               1.0             1                     0                    0\n32               1.0               1.0             1                     0                    0\n33               1.0               1.0             1                     0                    0\n34               1.0               1.0             1                     0                    0\n35               1.0               1.0             1                     0                    0\n36               1.0               1.0             1                     0                    0\n37               1.0               1.0             1                     0                    0"
}