{
    "instance_id": "ws_en_047",
    "score": 0.0,
    "precision_by_row": 0.0,
    "recall_by_row": 0.0,
    "f1_by_row": 0.0,
    "precision_by_item": 0.4166666666666667,
    "recall_by_item": 0.3333333333333333,
    "f1_by_item": 0.3703703703703704,
    "msg": "    startdate_exact_match  enddate_exact_match  duration(days)_llm_judge  president_llm_judge  speakerofthehouse_llm_judge  senatemajorityleader_llm_judge  furloughedemployees_number_near  estimatedloss(usdmillion)_number_near  maindisputedprovisions_llm_judge\n0                     1.0                  0.0                         0                    1                            1                               1                              1.0                                    1.0                                 0\n1                     1.0                  0.0                         1                    1                            1                               1                              0.0                                    0.0                                 0\n2                     1.0                  0.0                         1                    1                            1                               1                              0.0                                    0.0                                 0\n3                     1.0                  0.0                         1                    1                            0                               1                              1.0                                    1.0                                 1\n4                     1.0                  0.0                         1                    1                            0                               1                              1.0                                    1.0                                 0\n5                     1.0                  0.0                         1                    1                            0                               1                              0.0                                    0.0                                 0\n6                     1.0                  0.0                         1                    1                            0                               0                              1.0                                    0.0                                 0\n7                     1.0                  0.0                         0                    1                            0                               0                              1.0                                    1.0                                 0\n8                     1.0                  0.0                         0                    1                            0                               1                              0.0                                    0.0                                 0\n9                     1.0                  0.0                         1                    1                            1                               1                              0.0                                    0.0                                 0\n10                    1.0                  0.0                         1                    1                            1                               1                              0.0                                    0.0                                 0\n11                    1.0                  1.0                         1                    1                            1                               1                              0.0                                    0.0                                 0"
}