{
    "instance_id": "ws_en_020",
    "score": 0.0,
    "precision_by_row": 0.0,
    "recall_by_row": 0.0,
    "f1_by_row": 0.0,
    "precision_by_item": 0.7857142857142857,
    "recall_by_item": 0.06790123456790123,
    "f1_by_item": 0.125,
    "msg": "   country_llm_judge  nameoftheheritagesite_exact_match  typeofheritage_llm_judge  location_llm_judge  area_number_near  yearofrecognition_exact_match\n0                  1                                1.0                         1                   1               0.0                            1.0\n1                  1                                1.0                         1                   1               0.0                            1.0\n2                  1                                1.0                         1                   0               0.0                            1.0\n3                  1                                1.0                         1                   1               0.0                            1.0\n4                  1                                1.0                         1                   1               0.0                            1.0\n5                  1                                1.0                         1                   1               0.0                            1.0\n6                  1                                1.0                         1                   0               0.0                            1.0"
}