{
    "instance_id": "ws_en_083",
    "score": 0.0,
    "precision_by_row": 0.0,
    "recall_by_row": 0.0,
    "f1_by_row": 0.0,
    "precision_by_item": 0.5333333333333333,
    "recall_by_item": 0.10666666666666667,
    "f1_by_item": 0.17777777777777778,
    "msg": "   league_exact_match  season_exact_match  championclub_llm_judge  mvpplayer_llm_judge  club_llm_judge  rating_exact_match\n0                 1.0                 1.0                       0                    0               1                 0.0\n1                 1.0                 1.0                       1                    0               1                 0.0\n2                 1.0                 1.0                       0                    1               1                 0.0\n3                 1.0                 1.0                       1                    0               0                 0.0\n4                 1.0                 1.0                       0                    0               0                 0.0"
}