{
    "instance_id": "ws_zh_045",
    "score": 0.0,
    "precision_by_row": 0.0,
    "recall_by_row": 0.0,
    "f1_by_row": 0.0,
    "precision_by_item": 0.3611111111111111,
    "recall_by_item": 0.11403508771929824,
    "f1_by_item": 0.17333333333333334,
    "msg": "   娱乐公司_llm_judge  女团名_llm_judge  出道日期_exact_match  专辑名_exact_match  发行时间_exact_match  包含歌曲_llm_judge\n0               1              1               0.0              1.0               0.0               0\n1               1              1               0.0              1.0               0.0               1\n2               1              1               0.0              1.0               0.0               0\n3               1              1               0.0              1.0               0.0               0"
}