{
    "instance_id": "ws_en_077",
    "score": 0.0,
    "precision_by_row": 0.0,
    "recall_by_row": 0.0,
    "f1_by_row": 0.0,
    "precision_by_item": 0.4857142857142857,
    "recall_by_item": 0.3090909090909091,
    "f1_by_item": 0.3777777777777777,
    "msg": "   name_exact_match  position_exact_match  startdate_date_near  enddate_date_near  successor_llm_judge\n0               1.0                   1.0                  1.0                0.0                    0\n1               1.0                   1.0                  1.0                1.0                    0\n2               1.0                   1.0                  0.0                0.0                    0\n3               1.0                   1.0                  1.0                0.0                    1\n4               1.0                   1.0                  1.0                0.0                    1\n5               1.0                   1.0                  1.0                0.0                    1\n6               1.0                   1.0                  1.0                0.0                    1\n7               1.0                   1.0                  0.0                1.0                    1\n8               1.0                   1.0                  0.0                0.0                    0\n9               1.0                   1.0                  1.0                0.0                    0"
}