{
    "instance_id": "ws_en_078",
    "score": 0.0,
    "precision_by_row": 0.25,
    "recall_by_row": 0.07407407407407407,
    "f1_by_row": 0.11428571428571428,
    "precision_by_item": 0.375,
    "recall_by_item": 0.1111111111111111,
    "f1_by_item": 0.17142857142857143,
    "msg": "   awardyear_exact_match  name_llm_judge  publishedwork_exact_match  yearoffirstpublication_exact_match\n0                    1.0               1                        1.0                                 1.0\n1                    1.0               1                        1.0                                 1.0\n2                    0.0               0                        1.0                                 1.0\n3                    0.0               0                        1.0                                 1.0\n4                    1.0               1                        1.0                                 1.0\n5                    0.0               0                        1.0                                 1.0\n6                    0.0               0                        1.0                                 1.0\n7                    1.0               1                        1.0                                 1.0"
}