{
    "instance_id": "ws_zh_063",
    "score": 0.0,
    "precision_by_row": 0.0,
    "recall_by_row": 0.0,
    "f1_by_row": 0.0,
    "precision_by_item": 0.5142857142857142,
    "recall_by_item": 0.1,
    "f1_by_item": 0.1674418604651163,
    "msg": "   公司名称_llm_judge  出道年份_exact_match  团体英文名_exact_match  初一位时间_llm_judge  初一位歌曲名称_llm_judge\n0               1               0.0                1.0                0                  0\n1               1               1.0                1.0                0                  0\n2               1               1.0                1.0                0                  0\n3               1               1.0                1.0                0                  1\n4               1               0.0                1.0                0                  0\n5               1               0.0                1.0                1                  1"
}