{
    "instance_id": "ws_en_037",
    "score": 0.0,
    "precision_by_row": 0.21428571428571427,
    "recall_by_row": 0.23076923076923078,
    "f1_by_row": 0.22222222222222224,
    "precision_by_item": 0.38095238095238093,
    "recall_by_item": 0.41025641025641024,
    "f1_by_item": 0.39506172839506165,
    "msg": "   season_llm_judge  couplemarriedattheshow_exact_match  status_exact_match\n0                 1                                 1.0                 1.0\n1                 1                                 1.0                 1.0\n2                 1                                 1.0                 1.0\n3                 1                                 1.0                 0.0\n4                 0                                 1.0                 1.0\n5                 0                                 1.0                 1.0\n6                 0                                 1.0                 0.0"
}