{
    "instance_id": "ws_zh_006",
    "score": 0.0,
    "precision_by_row": 0.0,
    "recall_by_row": 0.0,
    "f1_by_row": 0.0,
    "precision_by_item": 0.7037037037037037,
    "recall_by_item": 0.022222222222222223,
    "f1_by_item": 0.04308390022675737,
    "msg": "   品牌_exact_match  产品系列_llm_judge  产品名称_exact_match  香型_exact_match  规格(/瓶)_llm_judge  酒精度_llm_judge\n0             1.0               1               1.0             0.0                 1              0\n1             1.0               1               1.0             0.0                 1              1\n2             1.0               1               1.0             0.0                 1              1\n3             1.0               1               1.0             0.0                 1              1\n4             1.0               1               1.0             0.0                 1              1\n5             1.0               1               1.0             0.0                 1              1\n6             1.0               1               1.0             0.0                 1              1\n7             1.0               1               1.0             0.0                 1              0"
}