{
    "instance_id": "ws_en_075",
    "score": 0.0,
    "precision_by_row": 0.03333333333333333,
    "recall_by_row": 0.008,
    "f1_by_row": 0.012903225806451613,
    "precision_by_item": 0.03333333333333333,
    "recall_by_item": 0.008,
    "f1_by_item": 0.012903225806451613,
    "msg": "   annual_exact_match  awardcategory_exact_match  winningsong/album_exact_match  performer(s)_llm_judge\n0                 1.0                        1.0                            1.0                       1"
}