{
    "instance_id": "ws_en_092",
    "score": 0.0,
    "precision_by_row": 0.0,
    "recall_by_row": 0.0,
    "f1_by_row": 0.0,
    "precision_by_item": 0.2857142857142857,
    "recall_by_item": 0.1276595744680851,
    "f1_by_item": 0.17647058823529413,
    "msg": "    companyname_exact_match  debutyear_exact_match  officialgroupname(english)_exact_match  firstwinsong_llm_judge  firstwindate_exact_match\n0                       0.0                    1.0                                     1.0                       0                       0.0\n1                       0.0                    1.0                                     1.0                       0                       0.0\n2                       0.0                    1.0                                     1.0                       0                       0.0\n3                       0.0                    1.0                                     1.0                       0                       0.0\n4                       0.0                    1.0                                     1.0                       0                       0.0\n5                       0.0                    0.0                                     1.0                       0                       0.0\n6                       0.0                    0.0                                     1.0                       0                       0.0\n7                       0.0                    0.0                                     1.0                       0                       0.0\n8                       0.0                    0.0                                     1.0                       0                       0.0\n9                       0.0                    1.0                                     1.0                       1                       0.0\n10                      0.0                    0.0                                     1.0                       0                       0.0\n11                      0.0                    1.0                                     1.0                       1                       0.0\n12                      0.0                    0.0                                     1.0                       1                       1.0\n13                      0.0                    0.0                                     1.0                       0                       0.0\n14                      0.0                    1.0                                     1.0                       0                       0.0\n15                      0.0                    0.0                                     1.0                       0                       0.0\n16                      0.0                    1.0                                     1.0                       0                       0.0"
}