{
    "instance_id": "ws_en_086",
    "score": 0.0,
    "precision_by_row": 0.2,
    "recall_by_row": 0.05263157894736842,
    "f1_by_row": 0.08333333333333333,
    "precision_by_item": 0.36666666666666664,
    "recall_by_item": 0.09649122807017543,
    "f1_by_item": 0.15277777777777776,
    "msg": "   entertainmentcompany_llm_judge  girlgroup_llm_judge  debutdate_date_near  album_exact_match  releasedate_date_near  includedsongs_llm_judge\n0                               1                    1                  1.0                1.0                    1.0                        1\n1                               1                    1                  1.0                1.0                    1.0                        0"
}