{
    "instance_id": "ws_zh_082",
    "score": 0.0,
    "precision_by_row": 0.0,
    "recall_by_row": 0.0,
    "f1_by_row": 0.0,
    "precision_by_item": 0.7222222222222222,
    "recall_by_item": 0.20634920634920634,
    "f1_by_item": 0.32098765432098764,
    "msg": "   相机名称_exact_match  有效像素_llm_judge  重量_llm_judge  最高每秒拍摄幅数_llm_judge  快门速度范围_llm_judge  最高对焦点数目_exact_match  数码影像处理器_llm_judge  iso范围_llm_judge  相机内减震技术_llm_judge\n0               1.0               1             1                   0                 1                  0.0                  0                1                  0\n1               1.0               1             1                   1                 1                  1.0                  1                1                  0\n2               1.0               1             1                   1                 1                  0.0                  1                1                  0\n3               1.0               1             1                   1                 1                  0.0                  1                0                  0"
}