{
    "instance_id": "ws_en_088",
    "score": 0.0,
    "precision_by_row": 0.1111111111111111,
    "recall_by_row": 0.01,
    "f1_by_row": 0.01834862385321101,
    "precision_by_item": 0.5555555555555556,
    "recall_by_item": 0.05,
    "f1_by_item": 0.09174311926605504,
    "msg": "   year_exact_match  rank_exact_match  song_llm_judge  artist_llm_judge\n0               1.0               1.0               1                 1\n1               1.0               1.0               0                 0\n2               1.0               1.0               0                 0\n3               1.0               1.0               0                 0\n4               1.0               1.0               0                 0\n5               1.0               1.0               0                 0\n6               1.0               1.0               0                 0\n7               1.0               1.0               0                 0\n8               1.0               1.0               0                 0"
}