{
    "instance_id": "ws_zh_097",
    "score": 0.0,
    "precision_by_row": 0.0,
    "recall_by_row": 0.0,
    "f1_by_row": 0.0,
    "precision_by_item": 0.42105263157894735,
    "recall_by_item": 0.10526315789473684,
    "f1_by_item": 0.16842105263157894,
    "msg": "    年份_exact_match  城市_exact_match  净流入人口数或净流出人口数（万人）_number_near  出生人口数（万人）_number_near  死亡人口数（万人）_number_near\n0              1.0             1.0                            0.0                    0.0                    0.0\n1              1.0             1.0                            0.0                    0.0                    0.0\n2              1.0             1.0                            0.0                    0.0                    0.0\n3              1.0             1.0                            0.0                    0.0                    0.0\n4              1.0             1.0                            0.0                    0.0                    0.0\n5              1.0             1.0                            0.0                    0.0                    0.0\n6              1.0             1.0                            0.0                    0.0                    0.0\n7              1.0             1.0                            0.0                    0.0                    0.0\n8              1.0             1.0                            0.0                    0.0                    0.0\n9              1.0             1.0                            0.0                    0.0                    0.0\n10             1.0             1.0                            0.0                    0.0                    1.0\n11             1.0             1.0                            0.0                    0.0                    0.0\n12             1.0             1.0                            0.0                    0.0                    0.0\n13             1.0             1.0                            0.0                    0.0                    0.0\n14             1.0             1.0                            0.0                    0.0                    0.0\n15             1.0             1.0                            0.0                    0.0                    0.0\n16             1.0             1.0                            0.0                    0.0                    1.0\n17             1.0             1.0                            0.0                    0.0                    0.0\n18             1.0             1.0                            0.0                    0.0                    0.0"
}