{
    "instance_id": "ws_zh_014",
    "score": 0.0,
    "precision_by_row": 0.05555555555555555,
    "recall_by_row": 0.004464285714285714,
    "f1_by_row": 0.008264462809917356,
    "precision_by_item": 0.1388888888888889,
    "recall_by_item": 0.011160714285714286,
    "f1_by_item": 0.020661157024793392,
    "msg": "   具体日期_exact_match  演唱会中文名_llm_judge  演唱会英文名_llm_judge  举办国家_exact_match  举办城市_llm_judge  举办场馆_llm_judge\n0               1.0                 0                 0               0.0               0               0\n1               1.0                 1                 1               0.0               0               0\n2               1.0                 1                 1               1.0               1               1\n3               1.0                 1                 1               1.0               0               1"
}