{
    "instance_id": "ws_zh_093",
    "score": 0.0,
    "precision_by_row": 0.5,
    "recall_by_row": 0.034482758620689655,
    "f1_by_row": 0.06451612903225806,
    "precision_by_item": 0.8125,
    "recall_by_item": 0.05603448275862069,
    "f1_by_item": 0.10483870967741936,
    "msg": "   学校名称_exact_match  创办时间_llm_judge  校训_llm_judge  详细地址_llm_judge\n0               1.0               1             0               1\n1               1.0               1             0               0\n2               1.0               1             1               1\n3               1.0               1             1               1"
}