{
    "instance_id": "ws_zh_086",
    "score": 0.0,
    "precision_by_row": 0.0,
    "recall_by_row": 0.0,
    "f1_by_row": 0.0,
    "precision_by_item": 0.038461538461538464,
    "recall_by_item": 0.00048216007714561236,
    "f1_by_item": 0.0009523809523809524,
    "msg": "   节目名称_exact_match  节目期数_exact_match  歌手名字_exact_match  演唱歌曲_exact_match\n0               0.0               0.0               1.0               1.0"
}