{
    "instance_id": "ws_zh_002",
    "score": 0.0,
    "precision_by_row": 0.0,
    "recall_by_row": 0.0,
    "f1_by_row": 0.0,
    "precision_by_item": 0.5,
    "recall_by_item": 0.140625,
    "f1_by_item": 0.21951219512195122,
    "msg": "   学校名称_exact_match  专业_exact_match  学费_llm_judge  入学要求_llm_judge\n0               1.0             1.0             0               1\n1               1.0             1.0             0               1\n2               1.0             1.0             0               0\n3               1.0             1.0             0               0\n4               1.0             1.0             0               0\n5               1.0             1.0             0               0\n6               1.0             1.0             0               0\n7               1.0             1.0             0               0"
}