{
    "instance_id": "ws_zh_053",
    "score": 0.0,
    "precision_by_row": 0.0,
    "recall_by_row": 0.0,
    "f1_by_row": 0.0,
    "precision_by_item": 0.2857142857142857,
    "recall_by_item": 0.013157894736842105,
    "f1_by_item": 0.025157232704402517,
    "msg": "   第x次人口普查_exact_match  普查地区_exact_match  人口数量_number_near  儿童人口数量_number_near  青中年人口数量_number_near  老年人口数量_number_near  大学人口数量_number_near\n0                  1.0               1.0               0.0                 0.0                  0.0                 0.0                 0.0\n1                  1.0               1.0               0.0                 0.0                  0.0                 0.0                 0.0\n2                  1.0               1.0               0.0                 0.0                  0.0                 0.0                 0.0\n3                  1.0               1.0               0.0                 0.0                  0.0                 0.0                 0.0\n4                  1.0               1.0               0.0                 0.0                  0.0                 0.0                 0.0\n5                  1.0               1.0               0.0                 0.0                  0.0                 0.0                 0.0\n6                  1.0               1.0               0.0                 0.0                  0.0                 0.0                 0.0"
}