{
    "instance_id": "ws_zh_039",
    "score": 0.0,
    "precision_by_row": 0.08333333333333333,
    "recall_by_row": 0.017543859649122806,
    "f1_by_row": 0.028985507246376812,
    "precision_by_item": 0.4166666666666667,
    "recall_by_item": 0.08771929824561403,
    "f1_by_item": 0.14492753623188404,
    "msg": "    饭店名称_exact_match  市区_exact_match  星级标牌号_exact_match  具体地址_llm_judge\n0                1.0             1.0                1.0               1\n1                1.0             1.0                1.0               0\n2                1.0             1.0                0.0               0\n3                1.0             0.0                0.0               0\n4                1.0             0.0                0.0               0\n5                1.0             0.0                0.0               0\n6                1.0             0.0                0.0               0\n7                1.0             0.0                0.0               0\n8                1.0             0.0                0.0               0\n9                1.0             0.0                0.0               0\n10               1.0             1.0                0.0               1\n11               1.0             0.0                0.0               0"
}