{
    "instance_id": "ws_zh_062",
    "score": 0.0,
    "precision_by_row": 0.0,
    "recall_by_row": 0.0,
    "f1_by_row": 0.0,
    "precision_by_item": 0.19444444444444445,
    "recall_by_item": 0.009114583333333334,
    "f1_by_item": 0.017412935323383085,
    "msg": "   场景名称_llm_judge  具体事项_exact_match  实施方式_exact_match  牵头部门_exact_match  配合部门_llm_judge  完成时限_exact_match\n0               0               1.0               0.0               0.0               0               0.0\n1               0               1.0               0.0               0.0               0               0.0\n2               0               1.0               0.0               0.0               1               0.0\n3               0               1.0               0.0               0.0               0               0.0\n4               1               1.0               0.0               0.0               0               0.0"
}