{
    "instance_id": "ws_zh_091",
    "score": 0.0,
    "precision_by_row": 1.0,
    "recall_by_row": 0.0625,
    "f1_by_row": 0.11764705882352941,
    "precision_by_item": 1.0,
    "recall_by_item": 0.0625,
    "f1_by_item": 0.11764705882352941,
    "msg": "   景区名称_exact_match  景区等级_llm_judge  所在城市_llm_judge  具体地址_llm_judge\n0               1.0               1               1               1\n1               1.0               1               1               1\n2               1.0               1               1               1\n3               1.0               1               1               1"
}