{
    "instance_id": "ws_zh_066",
    "score": 0.0,
    "precision_by_row": 0.4,
    "recall_by_row": 0.4,
    "f1_by_row": 0.4000000000000001,
    "precision_by_item": 0.7666666666666667,
    "recall_by_item": 0.7666666666666667,
    "f1_by_item": 0.7666666666666667,
    "msg": "    电商平台_exact_match  年份_exact_match  618gmv_number_near  618成交破亿的品牌数量_number_near  双11gmv_number_near  双11成交破亿的品牌数量_number_near\n0                1.0             1.0                 0.0                       0.0                 0.0                       0.0\n1                1.0             1.0                 1.0                       0.0                 0.0                       1.0\n2                1.0             1.0                 1.0                       0.0                 1.0                       1.0\n3                1.0             1.0                 1.0                       1.0                 0.0                       0.0\n4                1.0             1.0                 1.0                       1.0                 0.0                       0.0\n5                1.0             1.0                 1.0                       1.0                 1.0                       1.0\n6                1.0             1.0                 1.0                       1.0                 1.0                       1.0\n7                1.0             1.0                 1.0                       1.0                 1.0                       1.0\n8                1.0             1.0                 1.0                       1.0                 1.0                       1.0\n9                1.0             1.0                 1.0                       1.0                 1.0                       1.0\n10               1.0             1.0                 0.0                       1.0                 0.0                       0.0\n11               1.0             1.0                 1.0                       1.0                 0.0                       0.0\n12               1.0             1.0                 1.0                       1.0                 1.0                       1.0\n13               1.0             1.0                 1.0                       0.0                 0.0                       0.0\n14               1.0             1.0                 1.0                       0.0                 0.0                       1.0"
}