{
    "instance_id": "ws_en_063",
    "score": 0.0,
    "precision_by_row": 0.0,
    "recall_by_row": 0.0,
    "f1_by_row": 0.0,
    "precision_by_item": 0.5666666666666667,
    "recall_by_item": 0.5666666666666667,
    "f1_by_item": 0.5666666666666667,
    "msg": "    country_exact_match  year_exact_match  percapitahealthexpenditure(eur)_number_near  lifeexpectancy(years)_number_near  domesticgovernmenthealthexpenditure(%ofgdp)_number_near  out-of-pocketexpenditure(%ofcurrenthealthexpenditure)_number_near\n0                   1.0               1.0                                          0.0                                1.0                                                      0.0                                                                0.0\n1                   1.0               1.0                                          0.0                                1.0                                                      0.0                                                                0.0\n2                   1.0               1.0                                          1.0                                1.0                                                      0.0                                                                0.0\n3                   1.0               1.0                                          0.0                                1.0                                                      1.0                                                                0.0\n4                   1.0               1.0                                          0.0                                1.0                                                      0.0                                                                0.0\n5                   1.0               1.0                                          0.0                                1.0                                                      0.0                                                                0.0\n6                   1.0               1.0                                          0.0                                1.0                                                      0.0                                                                0.0\n7                   1.0               1.0                                          0.0                                1.0                                                      1.0                                                                1.0\n8                   1.0               1.0                                          0.0                                1.0                                                      0.0                                                                0.0\n9                   1.0               1.0                                          0.0                                1.0                                                      0.0                                                                0.0\n10                  1.0               1.0                                          0.0                                1.0                                                      0.0                                                                0.0\n11                  1.0               1.0                                          0.0                                1.0                                                      1.0                                                                0.0\n12                  1.0               1.0                                          0.0                                1.0                                                      0.0                                                                0.0\n13                  1.0               1.0                                          0.0                                1.0                                                      0.0                                                                0.0\n14                  1.0               1.0                                          0.0                                1.0                                                      0.0                                                                0.0\n15                  1.0               1.0                                          0.0                                1.0                                                      1.0                                                                1.0\n16                  1.0               1.0                                          0.0                                1.0                                                      0.0                                                                0.0\n17                  1.0               1.0                                          0.0                                1.0                                                      0.0                                                                0.0\n18                  1.0               1.0                                          0.0                                1.0                                                      0.0                                                                0.0\n19                  1.0               1.0                                          0.0                                1.0                                                      1.0                                                                0.0"
}