{
    "instance_id": "ws_zh_094",
    "score": 0.0,
    "precision_by_row": 0.16666666666666666,
    "recall_by_row": 0.05,
    "f1_by_row": 0.07692307692307691,
    "precision_by_item": 0.5833333333333334,
    "recall_by_item": 0.175,
    "f1_by_item": 0.2692307692307692,
    "msg": "    年份_exact_match  网络基础设施类别_exact_match  新增数量/长度(万个/万公里)_number_near  总计数量/长度(万个/万公里)_number_near\n0              1.0                   1.0                          0.0                          0.0\n1              1.0                   1.0                          0.0                          0.0\n2              1.0                   1.0                          1.0                          1.0\n3              1.0                   1.0                          0.0                          0.0\n4              1.0                   1.0                          0.0                          0.0\n5              1.0                   1.0                          0.0                          0.0\n6              1.0                   1.0                          1.0                          1.0\n7              1.0                   1.0                          0.0                          0.0\n8              1.0                   1.0                          0.0                          0.0\n9              1.0                   1.0                          0.0                          0.0\n10             1.0                   1.0                          0.0                          0.0\n11             1.0                   1.0                          0.0                          0.0"
}