{
    "instance_id": "ws_zh_039",
    "score": 0.0,
    "precision_by_row": 0.0,
    "recall_by_row": 0.0,
    "f1_by_row": 0.0,
    "precision_by_item": 0.2916666666666667,
    "recall_by_item": 0.03070175438596491,
    "f1_by_item": 0.05555555555555555,
    "msg": "   饭店名称_exact_match  市区_exact_match  星级标牌号_exact_match  具体地址_llm_judge\n0               1.0             0.0                0.0               0\n1               1.0             0.0                0.0               0\n2               1.0             1.0                0.0               0\n3               1.0             0.0                0.0               0\n4               1.0             0.0                0.0               0\n5               1.0             0.0                0.0               0"
}