{
    "instance_id": "ws_en_085",
    "score": 0.0,
    "precision_by_row": 0.0,
    "recall_by_row": 0.0,
    "f1_by_row": 0.0,
    "precision_by_item": 0.425,
    "recall_by_item": 0.1619047619047619,
    "f1_by_item": 0.23448275862068962,
    "msg": "   title_exact_match  director_llm_judge  genre_llm_judge  country/regionofproduction_llm_judge  runtime_llm_judge\n0                1.0                   0                1                                     0                  0\n1                1.0                   0                1                                     0                  0\n2                1.0                   1                1                                     1                  0\n3                1.0                   0                0                                     0                  0\n4                1.0                   0                1                                     0                  0\n5                1.0                   0                1                                     0                  0\n6                1.0                   1                1                                     1                  0"
}