{
    "instance_id": "ws_en_100",
    "score": 0.0,
    "precision_by_row": 0.08695652173913043,
    "recall_by_row": 0.09523809523809523,
    "f1_by_row": 0.0909090909090909,
    "precision_by_item": 0.5434782608695652,
    "recall_by_item": 0.5952380952380952,
    "f1_by_item": 0.5681818181818181,
    "msg": "    name_exact_match  position_exact_match  tenurestartdate_exact_match  tenureenddate_exact_match  nominatingpresident_llm_judge  president’sparty_llm_judge  ideologicalleaning_exact_match  previousposition_llm_judge\n0                1.0                   1.0                          0.0                        0.0                              1                           1                             0.0                           0\n1                1.0                   1.0                          0.0                        0.0                              1                           1                             0.0                           1\n2                1.0                   1.0                          1.0                        0.0                              1                           1                             0.0                           0\n3                1.0                   1.0                          0.0                        0.0                              1                           1                             1.0                           0\n4                1.0                   1.0                          0.0                        0.0                              1                           1                             0.0                           1\n5                1.0                   1.0                          1.0                        0.0                              1                           1                             0.0                           1\n6                1.0                   1.0                          0.0                        1.0                              1                           1                             0.0                           1\n7                1.0                   1.0                          0.0                        0.0                              1                           1                             0.0                           1\n8                1.0                   1.0                          0.0                        0.0                              1                           1                             0.0                           1\n9                1.0                   1.0                          1.0                        1.0                              1                           1                             0.0                           0\n10               1.0                   1.0                          0.0                        1.0                              1                           1                             1.0                           1\n11               1.0                   1.0                          0.0                        1.0                              1                           1                             0.0                           1\n12               1.0                   1.0                          0.0                        1.0                              1                           1                             0.0                           1\n13               1.0                   1.0                          1.0                        1.0                              1                           1                             1.0                           1\n14               1.0                   1.0                          1.0                        1.0                              1                           1                             1.0                           1\n15               1.0                   1.0                          0.0                        1.0                              1                           1                             1.0                           1\n16               1.0                   1.0                          0.0                        1.0                              1                           1                             0.0                           1"
}