{
    "instance_id": "ws_zh_090",
    "score": 0.0,
    "precision_by_row": 0.0,
    "recall_by_row": 0.0,
    "f1_by_row": 0.0,
    "precision_by_item": 0.3333333333333333,
    "recall_by_item": 0.06172839506172839,
    "f1_by_item": 0.10416666666666666,
    "msg": "   线路名称_exact_match  总站数_exact_match  总里程数_number_near  首次通车时间_llm_judge  运营机构_llm_judge  起点站和终点站_exact_match\n0               1.0              0.0               1.0                 1               0                  0.0\n1               1.0              0.0               0.0                 0               0                  0.0\n2               1.0              0.0               0.0                 0               0                  0.0\n3               1.0              0.0               0.0                 0               0                  0.0\n4               1.0              1.0               1.0                 1               0                  0.0"
}