{
    "instance_id": "ws_en_037",
    "score": 0.0,
    "precision_by_row": 0.0,
    "recall_by_row": 0.0,
    "f1_by_row": 0.0,
    "precision_by_item": 0.4444444444444444,
    "recall_by_item": 0.10256410256410256,
    "f1_by_item": 0.16666666666666666,
    "msg": "   season_llm_judge  couplemarriedattheshow_exact_match  status_exact_match\n0                 1                                 1.0                 0.0\n1                 0                                 1.0                 0.0\n2                 0                                 1.0                 0.0"
}