{
    "instance_id": "ws_en_084",
    "score": 0.0,
    "precision_by_row": 0.0,
    "recall_by_row": 0.0,
    "f1_by_row": 0.0,
    "precision_by_item": 0.3541666666666667,
    "recall_by_item": 0.08173076923076923,
    "f1_by_item": 0.1328125,
    "msg": "    incidentdate_exact_match  state_llm_judge  location(school)_llm_judge  shooter_llm_judge  identity_llm_judge  ageofshooter_llm_judge  outcome_llm_judge  deathtoll_number_near\n0                        1.0                1                           1                  1                   0                       0                  1                    1.0\n1                        1.0                1                           1                  0                   1                       1                  0                    1.0\n2                        1.0                0                           0                  0                   1                       0                  0                    0.0\n3                        1.0                0                           0                  0                   0                       0                  0                    0.0\n4                        1.0                0                           0                  0                   1                       0                  0                    0.0\n5                        1.0                0                           0                  0                   0                       0                  0                    1.0\n6                        1.0                1                           0                  0                   1                       1                  0                    0.0\n7                        1.0                0                           0                  0                   0                       0                  0                    1.0\n8                        1.0                0                           0                  0                   1                       0                  1                    0.0\n9                        1.0                0                           0                  0                   0                       0                  0                    0.0\n10                       1.0                0                           0                  0                   1                       0                  0                    0.0\n11                       1.0                0                           0                  0                   1                       0                  0                    1.0"
}