{
    "instance_id": "ws_en_087",
    "score": 0.0,
    "precision_by_row": 0.2,
    "recall_by_row": 0.019230769230769232,
    "f1_by_row": 0.03508771929824562,
    "precision_by_item": 0.7666666666666667,
    "recall_by_item": 0.07371794871794872,
    "f1_by_item": 0.1345029239766082,
    "msg": "   country_exact_match  capitalcity_llm_judge  surfacearea(km²)_number_near  populationdensity(people/km²oflandarea)_number_near  totalpopulation(thousands)_number_near  merchandisetrade(%ofgdp)_number_near\n0                  1.0                      1                           1.0                                                  0.0                                     1.0                                   0.0\n1                  1.0                      1                           1.0                                                  1.0                                     1.0                                   0.0\n2                  1.0                      1                           1.0                                                  1.0                                     1.0                                   1.0\n3                  1.0                      1                           1.0                                                  0.0                                     1.0                                   0.0\n4                  1.0                      1                           1.0                                                  0.0                                     1.0                                   0.0"
}