{
    "instance_id": "ws_en_067",
    "score": 0.0,
    "precision_by_row": 0.0,
    "recall_by_row": 0.0,
    "f1_by_row": 0.0,
    "precision_by_item": 0.4,
    "recall_by_item": 0.030303030303030304,
    "f1_by_item": 0.05633802816901409,
    "msg": "   school_exact_match  yearfounded_exact_match  public/private_exact_match  totalstudents_number_near\n0                 1.0                      0.0                         1.0                        0.0\n1                 1.0                      0.0                         1.0                        0.0\n2                 1.0                      0.0                         0.0                        0.0\n3                 1.0                      0.0                         0.0                        0.0\n4                 1.0                      0.0                         0.0                        1.0"
}