{
    "instance_id": "ws_zh_003",
    "score": 0.0,
    "precision_by_row": 0.0,
    "recall_by_row": 0.0,
    "f1_by_row": 0.0,
    "precision_by_item": 0.2962962962962963,
    "recall_by_item": 0.044444444444444446,
    "f1_by_item": 0.07729468599033816,
    "msg": "   a区地区_llm_judge  学校_exact_match  2025年复试分数线_llm_judge\n0               0             1.0                     0\n1               0             1.0                     0\n2               0             1.0                     1\n3               0             1.0                     0\n4               0             1.0                     0\n5               0             1.0                     1"
}