{
    "instance_id": "ws_en_029",
    "score": 0.0,
    "precision_by_row": 0.0,
    "recall_by_row": 0.0,
    "f1_by_row": 0.0,
    "precision_by_item": 0.17857142857142858,
    "recall_by_item": 0.03676470588235294,
    "f1_by_item": 0.06097560975609756,
    "msg": "   movie_exact_match  releasedate_exact_match  usboxoffice(dollar)_number_near  worldwideboxoffice(dollar)_number_near\n0                1.0                      0.0                              0.0                                     0.0\n1                1.0                      0.0                              0.0                                     0.0\n2                1.0                      0.0                              0.0                                     0.0\n3                1.0                      1.0                              0.0                                     0.0"
}