{
    "instance_id": "ws_en_016",
    "score": 0.0,
    "precision_by_row": 0.0,
    "recall_by_row": 0.0,
    "f1_by_row": 0.0,
    "precision_by_item": 0.20634920634920634,
    "recall_by_item": 0.2006172839506173,
    "f1_by_item": 0.20344287949921752,
    "msg": "    date_llm_judge  location_exact_match  meet_llm_judge  event_llm_judge  time_exact_match  standing_exact_match  gold_llm_judge  silver_llm_judge  bronze_llm_judge\n0                0                   1.0               1                1               1.0                   1.0               0                 0                 0\n1                0                   0.0               0                0               1.0                   1.0               0                 0                 0\n2                0                   1.0               1                0               1.0                   1.0               0                 0                 0\n3                0                   1.0               1                1               1.0                   1.0               0                 0                 0\n4                0                   0.0               0                1               1.0                   1.0               0                 0                 0\n5                0                   0.0               0                1               1.0                   1.0               0                 0                 0\n6                0                   1.0               1                1               1.0                   1.0               0                 0                 0\n7                0                   0.0               0                1               1.0                   0.0               0                 0                 0\n8                0                   1.0               1                0               1.0                   0.0               0                 0                 0\n9                0                   0.0               0                0               1.0                   1.0               0                 0                 0\n10               0                   0.0               0                0               1.0                   1.0               0                 0                 0\n11               0                   0.0               0                1               1.0                   1.0               0                 0                 0\n12               0                   0.0               0                1               1.0                   1.0               0                 0                 0\n13               0                   0.0               0                1               1.0                   1.0               0                 0                 0\n14               0                   0.0               0                0               1.0                   1.0               0                 0                 0\n15               0                   0.0               0                1               1.0                   1.0               0                 0                 0\n16               0                   0.0               0                1               1.0                   1.0               0                 0                 0\n17               0                   0.0               0                1               1.0                   0.0               0                 0                 0\n18               0                   0.0               0                0               1.0                   1.0               0                 0                 0\n19               0                   0.0               0                0               1.0                   1.0               0                 0                 0\n20               0                   0.0               0                0               1.0                   1.0               0                 0                 0\n21               0                   0.0               0                1               1.0                   0.0               0                 0                 0\n22               0                   0.0               0                1               1.0                   0.0               0                 0                 0"
}