{
    "instance_id": "ws_en_014",
    "score": 0.0,
    "precision_by_row": 0.1,
    "recall_by_row": 0.02,
    "f1_by_row": 0.03333333333333333,
    "precision_by_item": 0.65,
    "recall_by_item": 0.13,
    "f1_by_item": 0.21666666666666667,
    "msg": "   year_exact_match  airport_llm_judge  rank_exact_match  location_llm_judge  totalpassengers_number_near  code(iata/icao)_exact_match\n0               1.0                  0               1.0                   0                          0.0                          0.0\n1               1.0                  0               1.0                   0                          0.0                          0.0\n2               1.0                  1               1.0                   1                          1.0                          1.0\n3               1.0                  0               1.0                   0                          0.0                          0.0\n4               1.0                  1               1.0                   1                          0.0                          1.0\n5               1.0                  0               1.0                   0                          0.0                          0.0\n6               1.0                  1               1.0                   1                          0.0                          1.0\n7               1.0                  1               1.0                   1                          0.0                          1.0\n8               1.0                  1               1.0                   1                          0.0                          1.0\n9               1.0                  1               1.0                   1                          0.0                          1.0"
}