{
    "instance_id": "ws_zh_091",
    "score": 0.0,
    "precision_by_row": 0.375,
    "recall_by_row": 0.046875,
    "f1_by_row": 0.08333333333333333,
    "precision_by_item": 0.4375,
    "recall_by_item": 0.0546875,
    "f1_by_item": 0.09722222222222222,
    "msg": "   景区名称_exact_match  景区等级_llm_judge  所在城市_llm_judge  具体地址_llm_judge\n0               1.0               1               1               1\n1               1.0               1               1               1\n2               1.0               1               1               1\n3               1.0               1               0               0"
}