{
    "instance_id": "ws_zh_064",
    "score": 0.0,
    "precision_by_row": 0.0,
    "recall_by_row": 0.0,
    "f1_by_row": 0.0,
    "precision_by_item": 0.4803921568627451,
    "recall_by_item": 0.0349002849002849,
    "f1_by_item": 0.0650730411686587,
    "msg": "    所获奖项_llm_judge  作品名称_exact_match  作品体裁_llm_judge  作者名称_llm_judge  发表年份_number_near  刊登期刊/出版社_llm_judge\n0                1               1.0               1               1               0.0                   1\n1                1               1.0               1               1               0.0                   1\n2                1               1.0               1               1               0.0                   1\n3                1               1.0               1               0               0.0                   0\n4                1               1.0               1               1               0.0                   1\n5                1               1.0               1               1               0.0                   1\n6                1               1.0               1               1               0.0                   1\n7                1               1.0               1               0               0.0                   0\n8                0               1.0               1               1               1.0                   1\n9                0               1.0               1               1               0.0                   1\n10               0               1.0               1               1               1.0                   0"
}