{
    "instance_id": "ws_zh_089",
    "score": 0.0,
    "precision_by_row": 0.0,
    "recall_by_row": 0.0,
    "f1_by_row": 0.0,
    "precision_by_item": 0.4444444444444444,
    "recall_by_item": 0.03418803418803419,
    "f1_by_item": 0.0634920634920635,
    "msg": "   学校名称_exact_match  建校年份_exact_match  主管部门_llm_judge  学校官网地址_llm_judge  2025中国校友会排行榜名次_exact_match  2026qs世界大学排名名次_exact_match\n0               1.0               1.0               1                 1                         0.0                         0.0\n1               1.0               1.0               1                 1                         0.0                         0.0"
}