{
    "instance_id": "ws_en_070",
    "score": 0.0,
    "precision_by_row": 0.16666666666666666,
    "recall_by_row": 0.03125,
    "f1_by_row": 0.05263157894736842,
    "precision_by_item": 0.4166666666666667,
    "recall_by_item": 0.078125,
    "f1_by_item": 0.13157894736842105,
    "msg": "   university_exact_match  major_exact_match  tuition_llm_judge  requirements_llm_judge\n0                     1.0                1.0                  0                       1\n1                     1.0                1.0                  1                       1\n2                     1.0                1.0                  0                       1"
}