{
    "instance_id": "ws_zh_087",
    "score": 0.0,
    "precision_by_row": 0.3,
    "recall_by_row": 0.06,
    "f1_by_row": 0.09999999999999999,
    "precision_by_item": 0.775,
    "recall_by_item": 0.155,
    "f1_by_item": 0.2583333333333333,
    "msg": "   年份_exact_match  居民类别_exact_match  人均可支配收入(元)_number_near  人均消费支出(元)_number_near\n0             1.0               1.0                     1.0                    1.0\n1             1.0               1.0                     1.0                    0.0\n2             1.0               1.0                     1.0                    0.0\n3             1.0               1.0                     0.0                    0.0\n4             1.0               1.0                     1.0                    0.0\n5             1.0               1.0                     1.0                    0.0\n6             1.0               1.0                     1.0                    1.0\n7             1.0               1.0                     1.0                    1.0\n8             1.0               1.0                     1.0                    0.0\n9             1.0               1.0                     0.0                    0.0"
}