{
    "instance_id": "ws_en_059",
    "score": 0.0,
    "precision_by_row": 0.0,
    "recall_by_row": 0.0,
    "f1_by_row": 0.0,
    "precision_by_item": 0.3958333333333333,
    "recall_by_item": 0.2261904761904762,
    "f1_by_item": 0.2878787878787879,
    "msg": "   awardyear_exact_match  laureate_exact_match  talktitle_llm_judge  eventcity_llm_judge\n0                    1.0                   1.0                    0                    0\n1                    1.0                   1.0                    0                    0\n2                    1.0                   1.0                    0                    0\n3                    0.0                   1.0                    0                    0\n4                    1.0                   1.0                    0                    0\n5                    1.0                   1.0                    1                    0\n6                    0.0                   1.0                    1                    0\n7                    1.0                   1.0                    0                    0\n8                    1.0                   1.0                    1                    0"
}