{
    "instance_id": "ws_zh_079",
    "score": 0.0,
    "precision_by_row": 0.0,
    "recall_by_row": 0.0,
    "f1_by_row": 0.0,
    "precision_by_item": 0.1724137931034483,
    "recall_by_item": 0.038461538461538464,
    "f1_by_item": 0.0628930817610063,
    "msg": "   行政区划_exact_match  姓名_exact_match  上任日期_date_near  离任日期_date_near\n0               1.0             1.0             0.0             0.0\n1               1.0             1.0             0.0             0.0\n2               1.0             1.0             0.0             0.0\n3               1.0             1.0             0.0             0.0\n4               1.0             1.0             0.0             0.0\n5               1.0             1.0             0.0             0.0\n6               1.0             1.0             0.0             0.0\n7               1.0             1.0             0.0             0.0\n8               1.0             1.0             0.0             0.0\n9               1.0             1.0             0.0             0.0"
}