{
    "instance_id": "ws_zh_096",
    "score": 0.0,
    "precision_by_row": 0.0,
    "recall_by_row": 0.0,
    "f1_by_row": 0.0,
    "precision_by_item": 0.4230769230769231,
    "recall_by_item": 0.1896551724137931,
    "f1_by_item": 0.2619047619047619,
    "msg": "    电影名称_exact_match  导演_llm_judge  上映年份_llm_judge  梁朝伟通过该电影所获奖项_llm_judge\n0                1.0             0               0                       1\n1                1.0             0               0                       0\n2                1.0             0               0                       1\n3                1.0             0               0                       1\n4                1.0             0               0                       1\n5                1.0             0               0                       1\n6                1.0             0               0                       0\n7                1.0             0               1                       0\n8                1.0             0               0                       1\n9                1.0             0               1                       0\n10               1.0             0               0                       0\n11               1.0             0               1                       0\n12               1.0             0               0                       0"
}