{
    "instance_id": "ws_zh_058",
    "score": 0.0,
    "precision_by_row": 0.7368421052631579,
    "recall_by_row": 0.6666666666666666,
    "f1_by_row": 0.7,
    "precision_by_item": 0.7763157894736842,
    "recall_by_item": 0.7023809523809523,
    "f1_by_item": 0.7374999999999999,
    "msg": "    列入年份_exact_match  世界遗产名称_exact_match  所在省份（直辖市/自治区）_llm_judge  遗产类别_llm_judge\n0                1.0                 1.0                        1               1\n1                1.0                 1.0                        1               1\n2                1.0                 1.0                        1               1\n3                1.0                 1.0                        1               1\n4                1.0                 1.0                        1               1\n5                1.0                 1.0                        1               1\n6                1.0                 1.0                        1               1\n7                1.0                 1.0                        0               1\n8                1.0                 1.0                        1               1\n9                1.0                 1.0                        1               1\n10               1.0                 1.0                        1               1\n11               1.0                 1.0                        1               1\n12               1.0                 1.0                        1               1\n13               1.0                 1.0                        1               1\n14               1.0                 1.0                        1               1"
}