{
    "instance_id": "ws_en_007",
    "score": 0.0,
    "precision_by_row": 0.0,
    "recall_by_row": 0.0,
    "f1_by_row": 0.0,
    "precision_by_item": 0.5714285714285714,
    "recall_by_item": 0.10810810810810811,
    "f1_by_item": 0.18181818181818182,
    "msg": "   missionname_llm_judge  missiontype_llm_judge  crewnames_llm_judge  backupcrewnames_llm_judge  launchdate_exact_match  launchpad_llm_judge  landingdate_exact_match  landinglocation_llm_judge  vehicle_llm_judge  orbitduration_llm_judge  missionstatus_llm_judge\n0                      1                      0                    0                          0                     1.0                    1                      1.0                          0                  0                        1                        1\n1                      1                      0                    1                          0                     1.0                    1                      1.0                          0                  0                        0                        1\n2                      1                      0                    1                          0                     1.0                    1                      1.0                          0                  0                        1                        1\n3                      1                      0                    1                          0                     1.0                    1                      1.0                          0                  0                        0                        1\n4                      1                      1                    1                          0                     1.0                    1                      1.0                          0                  0                        0                        1\n5                      1                      1                    0                          1                     1.0                    1                      0.0                          0                  0                        0                        0\n6                      1                      1                    1                          0                     1.0                    0                      1.0                          0                  0                        1                        1"
}