{
    "instance_id": "ws_en_040",
    "score": 0.0,
    "precision_by_row": 0.0,
    "recall_by_row": 0.0,
    "f1_by_row": 0.0,
    "precision_by_item": 0.45622119815668205,
    "recall_by_item": 0.4714285714285714,
    "f1_by_item": 0.46370023419203743,
    "msg": "    year_exact_match  rank_exact_match  app_llm_judge  downloads(million)_number_near  category_llm_judge  parentcompany_llm_judge  country_llm_judge\n0                1.0               1.0              1                             0.0                   1                        1                  1\n1                1.0               1.0              0                             0.0                   0                        1                  1\n2                1.0               1.0              0                             0.0                   0                        1                  1\n3                1.0               1.0              0                             0.0                   0                        1                  1\n4                1.0               1.0              0                             0.0                   0                        0                  1\n5                1.0               1.0              0                             0.0                   0                        0                  1\n6                1.0               1.0              0                             0.0                   0                        0                  1\n7                1.0               1.0              0                             0.0                   0                        0                  0\n8                1.0               1.0              0                             0.0                   1                        0                  0\n9                1.0               1.0              0                             0.0                   0                        0                  0\n10               1.0               1.0              1                             0.0                   1                        1                  1\n11               1.0               1.0              0                             0.0                   1                        1                  1\n12               1.0               1.0              0                             0.0                   0                        1                  1\n13               1.0               1.0              1                             0.0                   0                        1                  1\n14               1.0               1.0              0                             0.0                   0                        0                  0\n15               1.0               1.0              0                             0.0                   1                        0                  1\n16               1.0               1.0              0                             0.0                   1                        0                  0\n17               1.0               1.0              0                             0.0                   0                        0                  1\n18               1.0               1.0              0                             0.0                   0                        0                  1\n19               1.0               1.0              0                             0.0                   0                        0                  0\n20               1.0               1.0              1                             0.0                   1                        1                  1\n21               1.0               1.0              0                             0.0                   0                        0                  1\n22               1.0               1.0              0                             0.0                   0                        0                  1\n23               1.0               1.0              0                             0.0                   0                        0                  0\n24               1.0               1.0              0                             0.0                   0                        0                  0\n25               1.0               1.0              0                             0.0                   0                        0                  0\n26               1.0               1.0              0                             0.0                   0                        0                  0\n27               1.0               1.0              0                             0.0                   0                        1                  1\n28               1.0               1.0              0                             0.0                   0                        0                  0\n29               1.0               1.0              0                             0.0                   0                        0                  0"
}