{
    "instance_id": "ws_zh_056",
    "score": 0.0,
    "precision_by_row": 0.0,
    "recall_by_row": 0.0,
    "f1_by_row": 0.0,
    "precision_by_item": 0.32142857142857145,
    "recall_by_item": 0.140625,
    "f1_by_item": 0.1956521739130435,
    "msg": "   学校名称_llm_judge  院士姓名_exact_match  出生年份_number_near  获得奖项_llm_judge\n0               1               1.0               1.0               0\n1               1               1.0               1.0               0\n2               1               1.0               1.0               0"
}