{
    "instance_id": "ws_zh_032",
    "score": 0.0,
    "precision_by_row": 0.0,
    "recall_by_row": 0.0,
    "f1_by_row": 0.0,
    "precision_by_item": 0.725,
    "recall_by_item": 0.024166666666666666,
    "f1_by_item": 0.0467741935483871,
    "msg": "   年月_exact_match  地区_exact_match  机场名_llm_judge  排名_exact_match  旅客吞吐量_number_near\n0             1.0             1.0              1             1.0                0.0\n1             1.0             1.0              1             1.0                0.0\n2             1.0             1.0              1             1.0                0.0\n3             1.0             1.0              0             1.0                0.0\n4             1.0             1.0              1             1.0                0.0\n5             1.0             1.0              1             1.0                0.0\n6             1.0             1.0              0             1.0                0.0\n7             1.0             1.0              0             1.0                0.0"
}