{
    "instance_id": "ws_en_066",
    "score": 0.0,
    "precision_by_row": 0.0,
    "recall_by_row": 0.0,
    "f1_by_row": 0.0,
    "precision_by_item": 0.6041666666666666,
    "recall_by_item": 0.32222222222222224,
    "f1_by_item": 0.42028985507246375,
    "msg": "   region_exact_match  modelcode_exact_match  firstretailavailabilitydate_date_near  launchmsrp_llm_judge  numberofincludedattachments_exact_match  warranty(yrs)_exact_match\n0                 1.0                    1.0                                    0.0                     0                                      1.0                        1.0\n1                 1.0                    1.0                                    0.0                     0                                      1.0                        1.0\n2                 1.0                    1.0                                    0.0                     1                                      0.0                        1.0\n3                 1.0                    1.0                                    0.0                     0                                      1.0                        1.0\n4                 1.0                    1.0                                    0.0                     0                                      1.0                        1.0\n5                 1.0                    1.0                                    1.0                     0                                      1.0                        1.0\n6                 1.0                    1.0                                    0.0                     0                                      1.0                        1.0"
}