{
    "instance_id": "ws_zh_071",
    "score": 0.0,
    "precision_by_row": 0.0,
    "recall_by_row": 0.0,
    "f1_by_row": 0.0,
    "precision_by_item": 0.13095238095238096,
    "recall_by_item": 0.03492063492063492,
    "f1_by_item": 0.05513784461152882,
    "msg": "   上映年份_llm_judge  电影名_exact_match  题材_llm_judge  导演_llm_judge  领衔主演_llm_judge  累积票房（十亿韩元）_number_near  累积观影人次_number_near\n0               0              1.0             0             1               0                     0.0                 0.0\n1               0              1.0             1             1               1                     0.0                 0.0\n2               1              1.0             1             0               1                     1.0                 0.0"
}