{
    "instance_id": "ws_zh_026",
    "score": 0.0,
    "precision_by_row": 0.1111111111111111,
    "recall_by_row": 0.006060606060606061,
    "f1_by_row": 0.011494252873563218,
    "precision_by_item": 0.3611111111111111,
    "recall_by_item": 0.019696969696969695,
    "f1_by_item": 0.037356321839080456,
    "msg": "   软科世界一流学科_exact_match  软科学科2024排名_exact_match  学校名称_exact_match  qs学校2025排名_exact_match\n0                   1.0                     1.0               1.0                     0.0\n1                   1.0                     1.0               1.0                     0.0\n2                   1.0                     1.0               1.0                     0.0\n3                   1.0                     1.0               1.0                     1.0"
}