{
    "instance_id": "ws_en_011",
    "score": 0.0,
    "precision_by_row": 0.0,
    "recall_by_row": 0.0,
    "f1_by_row": 0.0,
    "precision_by_item": 0.48214285714285715,
    "recall_by_item": 0.48214285714285715,
    "f1_by_item": 0.48214285714285715,
    "msg": "   awardtype_exact_match  vehiclemake_llm_judge  year_exact_match  model_llm_judge  majortrims_llm_judge  bodystyle_llm_judge  fueltype(s)_llm_judge  drivetrain(s)_llm_judge  passengers_exact_match  doors_exact_match  overallratings2025_exact_match  quality&reliabilityscore2025_exact_match  drivingexperiencescore2025_exact_match  resalevaluescore2025_exact_match\n0                    1.0                      1               1.0                1                     1                    1                      0                        1                     1.0                1.0                             0.0                                       0.0                                     0.0                               0.0\n1                    1.0                      1               1.0                1                     1                    1                      0                        0                     1.0                1.0                             0.0                                       0.0                                     0.0                               0.0\n2                    1.0                      0               1.0                0                     0                    1                      0                        1                     1.0                0.0                             0.0                                       0.0                                     0.0                               0.0\n3                    1.0                      0               1.0                0                     0                    1                      0                        1                     1.0                0.0                             0.0                                       0.0                                     0.0                               0.0"
}