{
    "instance_id": "ws_en_007",
    "score": 0.0,
    "precision_by_row": 0.0,
    "recall_by_row": 0.0,
    "f1_by_row": 0.0,
    "precision_by_item": 0.5272727272727272,
    "recall_by_item": 0.07125307125307126,
    "f1_by_item": 0.12554112554112556,
    "msg": "   missionname_llm_judge  missiontype_llm_judge  crewnames_llm_judge  backupcrewnames_llm_judge  launchdate_exact_match  launchpad_llm_judge  landingdate_exact_match  landinglocation_llm_judge  vehicle_llm_judge  orbitduration_llm_judge  missionstatus_llm_judge\n0                      1                      0                    0                          0                     1.0                    0                      0.0                          0                  1                        1                        1\n1                      1                      0                    1                          0                     1.0                    1                      1.0                          0                  1                        0                        1\n2                      1                      0                    1                          0                     1.0                    1                      1.0                          0                  1                        0                        1\n3                      1                      0                    0                          0                     1.0                    1                      1.0                          0                  1                        0                        1\n4                      1                      0                    0                          1                     1.0                    1                      0.0                          0                  0                        0                        0"
}