{
    "instance_id": "ws_zh_099",
    "score": 0.0,
    "precision_by_row": 0.4,
    "recall_by_row": 0.10526315789473684,
    "f1_by_row": 0.16666666666666666,
    "precision_by_item": 0.55,
    "recall_by_item": 0.14473684210526316,
    "f1_by_item": 0.22916666666666669,
    "msg": "   景区名称_exact_match  所在城市_llm_judge  旺季成人全价门票价格_llm_judge  是否属于世界文化和自然遗产_llm_judge\n0               1.0               1                     1                        1\n1               1.0               1                     0                        1\n2               1.0               1                     1                        1"
}