{
    "instance_id": "ws_zh_042",
    "score": 0.0,
    "precision_by_row": 0.2857142857142857,
    "recall_by_row": 0.09523809523809523,
    "f1_by_row": 0.14285714285714285,
    "precision_by_item": 0.7714285714285715,
    "recall_by_item": 0.2571428571428571,
    "f1_by_item": 0.38571428571428573,
    "msg": "   作品名称_exact_match  导演_llm_judge  类型_llm_judge  制片国家/地区_llm_judge  片长_number_near\n0               1.0             1             0                  1             1.0\n1               1.0             1             1                  1             1.0\n2               1.0             1             1                  1             1.0\n3               1.0             1             1                  1             0.0\n4               1.0             1             1                  1             0.0\n5               1.0             1             0                  1             0.0\n6               1.0             0             0                  1             0.0"
}