{
    "instance_id": "ws_zh_001",
    "score": 0.0,
    "precision_by_row": 0.058823529411764705,
    "recall_by_row": 0.02,
    "f1_by_row": 0.02985074626865672,
    "precision_by_item": 0.5882352941176471,
    "recall_by_item": 0.2,
    "f1_by_item": 0.29850746268656714,
    "msg": "    年份_exact_match  国家_exact_match  电影名_exact_match  导演_llm_judge  本国累计票房收益_number_near  电影类型_llm_judge\n0              1.0             1.0              1.0             0                   0.0               1\n1              1.0             1.0              1.0             0                   0.0               1\n2              1.0             1.0              1.0             0                   0.0               1\n3              1.0             1.0              1.0             1                   0.0               1\n4              1.0             1.0              1.0             1                   1.0               1\n5              1.0             1.0              1.0             0                   1.0               1\n6              1.0             1.0              1.0             0                   1.0               1\n7              1.0             1.0              1.0             0                   1.0               1\n8              1.0             1.0              1.0             1                   0.0               1\n9              1.0             1.0              1.0             0                   0.0               1\n10             1.0             1.0              1.0             0                   1.0               1\n11             1.0             1.0              1.0             0                   0.0               1\n12             1.0             1.0              1.0             0                   0.0               1"
}