{
    "instance_id": "ws_zh_087",
    "score": 0.0,
    "precision_by_row": 0.2857142857142857,
    "recall_by_row": 0.04,
    "f1_by_row": 0.07017543859649124,
    "precision_by_item": 0.6785714285714286,
    "recall_by_item": 0.095,
    "f1_by_item": 0.16666666666666669,
    "msg": "   年份_exact_match  居民类别_exact_match  人均可支配收入(元)_number_near  人均消费支出(元)_number_near\n0             1.0               1.0                     1.0                    1.0\n1             1.0               1.0                     1.0                    0.0\n2             1.0               1.0                     1.0                    1.0\n3             1.0               1.0                     1.0                    0.0\n4             1.0               1.0                     1.0                    0.0\n5             1.0               1.0                     0.0                    0.0"
}