{
    "instance_id": "ws_zh_038",
    "score": 0.0,
    "precision_by_row": 1.0,
    "recall_by_row": 0.023529411764705882,
    "f1_by_row": 0.04597701149425288,
    "precision_by_item": 1.0,
    "recall_by_item": 0.023529411764705882,
    "f1_by_item": 0.04597701149425288,
    "msg": "   景区名称_exact_match  省份_llm_judge  认定年份_number_near\n0               1.0             1               1.0\n1               1.0             1               1.0"
}