{
    "instance_id": "ws_en_078",
    "score": 0.0,
    "precision_by_row": 0.07692307692307693,
    "recall_by_row": 0.018518518518518517,
    "f1_by_row": 0.029850746268656716,
    "precision_by_item": 0.21153846153846154,
    "recall_by_item": 0.05092592592592592,
    "f1_by_item": 0.08208955223880597,
    "msg": "   awardyear_exact_match  name_llm_judge  publishedwork_exact_match  yearoffirstpublication_exact_match\n0                    1.0               1                        1.0                                 1.0\n1                    1.0               1                        1.0                                 0.0\n2                    0.0               0                        1.0                                 0.0\n3                    0.0               0                        1.0                                 0.0\n4                    0.0               0                        1.0                                 1.0"
}