{
    "instance_id": "ws_en_066",
    "score": 0.0,
    "precision_by_row": 0.0,
    "recall_by_row": 0.0,
    "f1_by_row": 0.0,
    "precision_by_item": 0.4777777777777778,
    "recall_by_item": 0.4777777777777778,
    "f1_by_item": 0.4777777777777778,
    "msg": "    region_exact_match  modelcode_exact_match  firstretailavailabilitydate_date_near  launchmsrp_llm_judge  numberofincludedattachments_exact_match  warranty(yrs)_exact_match\n0                  1.0                    1.0                                    0.0                     0                                      0.0                        1.0\n1                  1.0                    1.0                                    0.0                     0                                      0.0                        1.0\n2                  1.0                    1.0                                    0.0                     0                                      0.0                        1.0\n3                  1.0                    1.0                                    0.0                     0                                      1.0                        1.0\n4                  1.0                    1.0                                    0.0                     0                                      0.0                        1.0\n5                  1.0                    1.0                                    0.0                     0                                      0.0                        1.0\n6                  1.0                    1.0                                    0.0                     1                                      1.0                        1.0\n7                  1.0                    1.0                                    0.0                     1                                      1.0                        1.0\n8                  1.0                    1.0                                    1.0                     0                                      0.0                        1.0\n9                  1.0                    1.0                                    0.0                     0                                      0.0                        1.0\n10                 1.0                    1.0                                    0.0                     0                                      1.0                        1.0\n11                 1.0                    1.0                                    0.0                     0                                      0.0                        1.0"
}