{
    "instance_id": "ws_en_080",
    "score": 0.0,
    "precision_by_row": 0.2,
    "recall_by_row": 0.09090909090909091,
    "f1_by_row": 0.12500000000000003,
    "precision_by_item": 0.5,
    "recall_by_item": 0.22727272727272727,
    "f1_by_item": 0.3125,
    "msg": "   olympicgames_exact_match  country_exact_match  numberofgoldmedals_exact_match  eventswon_llm_judge\n0                       1.0                  1.0                             0.0                    1\n1                       1.0                  1.0                             1.0                    1\n2                       1.0                  1.0                             0.0                    1"
}