{
    "instance_id": "ws_en_074",
    "score": 0.0,
    "precision_by_row": 0.0,
    "recall_by_row": 0.0,
    "f1_by_row": 0.0,
    "precision_by_item": 0.22448979591836735,
    "recall_by_item": 0.19642857142857142,
    "f1_by_item": 0.2095238095238095,
    "msg": "   year_exact_match  country_exact_match  party_exact_match  partypresident_llm_judge  popularvote_number_near  voteshare(%)_number_near  winningparty/bloc_llm_judge\n0               1.0                  1.0                1.0                         0                      0.0                       0.0                            1\n1               1.0                  1.0                1.0                         0                      0.0                       0.0                            1\n2               1.0                  1.0                1.0                         0                      0.0                       0.0                            1\n3               1.0                  1.0                1.0                         0                      0.0                       0.0                            1\n4               1.0                  1.0                1.0                         1                      0.0                       0.0                            1\n5               1.0                  1.0                1.0                         0                      0.0                       0.0                            1\n6               1.0                  1.0                1.0                         0                      0.0                       1.0                            1\n7               1.0                  1.0                1.0                         0                      0.0                       0.0                            0"
}