{
    "instance_id": "ws_en_097",
    "score": 0.0,
    "precision_by_row": 0.0,
    "recall_by_row": 0.0,
    "f1_by_row": 0.0,
    "precision_by_item": 0.1794871794871795,
    "recall_by_item": 0.08045977011494253,
    "f1_by_item": 0.11111111111111112,
    "msg": "   movietitle_exact_match  director_llm_judge  leadingactress_llm_judge  yearofpremiere_exact_match  distributor_llm_judge  awards_llm_judge\n0                     1.0                   1                         1                         1.0                      0                 0\n1                     1.0                   0                         0                         1.0                      0                 0\n2                     1.0                   1                         1                         1.0                      0                 0\n3                     1.0                   1                         0                         1.0                      0                 1"
}