{
    "instance_id": "ws_en_018",
    "score": 0.0,
    "precision_by_row": 0.0,
    "recall_by_row": 0.0,
    "f1_by_row": 0.0,
    "precision_by_item": 0.4090909090909091,
    "recall_by_item": 0.45,
    "f1_by_item": 0.4285714285714286,
    "msg": "   fiscalyear_exact_match  federalbudget_number_near  federalspending_number_near  federaldeficit_number_near  nationaldebt_number_near  netinterestcost_number_near\n0                     1.0                        0.0                          1.0                         0.0                       1.0                          0.0\n1                     1.0                        0.0                          1.0                         0.0                       1.0                          0.0\n2                     1.0                        0.0                          1.0                         0.0                       1.0                          0.0\n3                     1.0                        0.0                          1.0                         0.0                       1.0                          0.0\n4                     1.0                        0.0                          1.0                         0.0                       1.0                          0.0\n5                     1.0                        0.0                          1.0                         0.0                       0.0                          0.0\n6                     1.0                        0.0                          1.0                         0.0                       1.0                          0.0\n7                     1.0                        0.0                          0.0                         0.0                       1.0                          0.0\n8                     1.0                        0.0                          0.0                         0.0                       1.0                          1.0\n9                     1.0                        0.0                          0.0                         0.0                       1.0                          0.0"
}