{
    "instance_id": "ws_en_015",
    "score": 0.0,
    "precision_by_row": 0.0,
    "recall_by_row": 0.0,
    "f1_by_row": 0.0,
    "precision_by_item": 0.32142857142857145,
    "recall_by_item": 0.045,
    "f1_by_item": 0.07894736842105263,
    "msg": "   rank_exact_match  companyname_llm_judge  numberofmanagedunitsin2024_number_near  companyestablishmenttime_exact_match\n0               1.0                      1                                     0.0                                   0.0\n1               1.0                      1                                     0.0                                   0.0\n2               1.0                      1                                     0.0                                   0.0\n3               1.0                      0                                     0.0                                   0.0\n4               1.0                      0                                     0.0                                   0.0\n5               1.0                      0                                     0.0                                   0.0"
}