{
    "instance_id": "ws_en_031",
    "score": 0.0,
    "precision_by_row": 0.09090909090909091,
    "recall_by_row": 0.018867924528301886,
    "f1_by_row": 0.03125,
    "precision_by_item": 0.34545454545454546,
    "recall_by_item": 0.07169811320754717,
    "f1_by_item": 0.11875000000000001,
    "msg": "   actress_llm_judge  yearofrelease_exact_match  titleoffilm_exact_match  charactername_llm_judge  awards_llm_judge\n0                  1                        0.0                      1.0                        1                 0\n1                  1                        0.0                      1.0                        0                 1\n2                  1                        1.0                      1.0                        0                 0\n3                  1                        0.0                      1.0                        0                 0\n4                  1                        1.0                      1.0                        1                 1\n5                  1                        1.0                      1.0                        0                 0"
}