{
    "instance_id": "ws_zh_033",
    "score": 0.0,
    "precision_by_row": 1.0,
    "recall_by_row": 0.08333333333333333,
    "f1_by_row": 0.15384615384615385,
    "precision_by_item": 1.0,
    "recall_by_item": 0.08333333333333333,
    "f1_by_item": 0.15384615384615385,
    "msg": "   2024年steam年度最畅销游戏_exact_match  发行公司_llm_judge  获奖游戏_llm_judge\n0                            1.0               1               1"
}