{
    "instance_id": "ws_en_041",
    "score": 0.0,
    "precision_by_row": 0.14285714285714285,
    "recall_by_row": 0.0136986301369863,
    "f1_by_row": 0.025,
    "precision_by_item": 0.23809523809523808,
    "recall_by_item": 0.0228310502283105,
    "f1_by_item": 0.041666666666666664,
    "msg": "   award_exact_match  awardyear_exact_match  genre_exact_match  booktitle_exact_match  author_llm_judge  nationality_exact_match\n0                1.0                    1.0                1.0                    1.0                 0                      0.0\n1                1.0                    1.0                1.0                    1.0                 1                      1.0"
}