{
    "instance_id": "ws_zh_029",
    "score": 0.0,
    "precision_by_row": 0.0,
    "recall_by_row": 0.0,
    "f1_by_row": 0.0,
    "precision_by_item": 0.3888888888888889,
    "recall_by_item": 0.04666666666666667,
    "f1_by_item": 0.08333333333333333,
    "msg": "   书名_exact_match  作者_llm_judge  出版时间_date_near\n0             1.0             0             1.0\n1             1.0             0             0.0\n2             1.0             0             0.0\n3             1.0             0             0.0\n4             1.0             0             0.0\n5             1.0             0             0.0"
}