{
    "instance_id": "ws_en_067",
    "score": 0.0,
    "precision_by_row": 0.25,
    "recall_by_row": 0.015151515151515152,
    "f1_by_row": 0.028571428571428574,
    "precision_by_item": 0.6875,
    "recall_by_item": 0.041666666666666664,
    "f1_by_item": 0.07857142857142857,
    "msg": "   school_exact_match  yearfounded_exact_match  public/private_exact_match  totalstudents_number_near\n0                 1.0                      1.0                         1.0                        0.0\n1                 1.0                      1.0                         1.0                        1.0\n2                 1.0                      0.0                         0.0                        1.0\n3                 1.0                      0.0                         0.0                        1.0"
}