{
    "instance_id": "ws_zh_004",
    "score": 0.0,
    "precision_by_row": 0.6666666666666666,
    "recall_by_row": 0.13333333333333333,
    "f1_by_row": 0.2222222222222222,
    "precision_by_item": 0.9027777777777778,
    "recall_by_item": 0.18055555555555555,
    "f1_by_item": 0.30092592592592593,
    "msg": "    年度_exact_match  排名_exact_match  姓名（中文）_llm_judge  姓名（英文）_llm_judge  财富值（亿美元）_number_near  财富来源_llm_judge\n0              1.0             1.0                 1                 1                   1.0               1\n1              1.0             1.0                 1                 1                   1.0               1\n2              1.0             1.0                 1                 1                   0.0               1\n3              1.0             1.0                 1                 1                   0.0               1\n4              1.0             1.0                 1                 1                   1.0               1\n5              1.0             1.0                 1                 1                   1.0               1\n6              1.0             1.0                 1                 1                   1.0               1\n7              1.0             1.0                 1                 1                   1.0               1\n8              1.0             1.0                 1                 1                   1.0               1\n9              1.0             1.0                 1                 1                   1.0               1\n10             1.0             1.0                 1                 1                   0.0               1\n11             1.0             1.0                 0                 0                   0.0               0"
}