{
    "instance_id": "ws_zh_098",
    "score": 0.0,
    "precision_by_row": 0.0,
    "recall_by_row": 0.0,
    "f1_by_row": 0.0,
    "precision_by_item": 0.375,
    "recall_by_item": 0.007211538461538462,
    "f1_by_item": 0.014150943396226415,
    "msg": "   期刊名称_llm_judge  论文名称_exact_match  论文关键词_llm_judge  论文作者_llm_judge\n0               0               1.0                1               0\n1               0               1.0                0               0\n2               0               1.0                0               0\n3               0               1.0                1               0"
}