{
    "instance_id": "ws_zh_100",
    "score": 0.0,
    "precision_by_row": 0.0,
    "recall_by_row": 0.0,
    "f1_by_row": 0.0,
    "precision_by_item": 0.4725274725274725,
    "recall_by_item": 0.12536443148688048,
    "f1_by_item": 0.19815668202764977,
    "msg": "    开售日期_exact_match  手机品牌_llm_judge  手机型号_exact_match  折叠后最小屏幕尺寸_llm_judge  打开后最大屏幕尺寸_llm_judge  电池大小_llm_judge  内存种类（rom）_llm_judge\n0                0.0               1               1.0                    0                    0               1                    1\n1                0.0               1               1.0                    0                    0               0                    1\n2                0.0               1               1.0                    0                    0               0                    1\n3                0.0               1               1.0                    0                    0               0                    1\n4                0.0               1               1.0                    0                    0               0                    1\n5                0.0               1               1.0                    0                    0               1                    1\n6                0.0               1               1.0                    0                    0               0                    1\n7                0.0               1               1.0                    0                    0               0                    1\n8                0.0               1               1.0                    0                    0               0                    1\n9                0.0               1               1.0                    0                    0               0                    1\n10               0.0               1               1.0                    0                    0               1                    1\n11               0.0               1               1.0                    0                    0               1                    1\n12               0.0               1               1.0                    0                    0               0                    1"
}