{
    "instance_id": "ws_zh_092",
    "score": 0.0,
    "precision_by_row": 0.5,
    "recall_by_row": 0.00980392156862745,
    "f1_by_row": 0.019230769230769232,
    "precision_by_item": 0.625,
    "recall_by_item": 0.012254901960784314,
    "f1_by_item": 0.02403846153846154,
    "msg": "   电视剧名称_exact_match  首播时间_llm_judge  导演_llm_judge  集数_exact_match\n0                1.0               1             1             1.0\n1                1.0               0             0             0.0"
}