{
    "instance_id": "ws_zh_059",
    "score": 0.0,
    "precision_by_row": 0.13513513513513514,
    "recall_by_row": 0.125,
    "f1_by_row": 0.12987012987012989,
    "precision_by_item": 0.6756756756756757,
    "recall_by_item": 0.625,
    "f1_by_item": 0.6493506493506493,
    "msg": "    产品名称_exact_match  首发年份_exact_match  容量_llm_judge  容量对应售价（美元）_llm_judge  核心新增技术/功能_llm_judge\n0                1.0               1.0             1                     1                    0\n1                1.0               1.0             1                     1                    1\n2                1.0               1.0             1                     0                    0\n3                1.0               1.0             0                     0                    1\n4                1.0               1.0             1                     0                    1\n5                1.0               1.0             1                     0                    0\n6                1.0               1.0             1                     0                    1\n7                1.0               1.0             1                     0                    0\n8                1.0               1.0             1                     0                    0\n9                1.0               1.0             1                     0                    1\n10               1.0               1.0             1                     0                    1\n11               1.0               1.0             1                     1                    1\n12               1.0               1.0             1                     1                    0\n13               1.0               1.0             1                     1                    1\n14               1.0               1.0             1                     0                    1\n15               1.0               1.0             1                     0                    0\n16               1.0               1.0             1                     1                    0\n17               1.0               1.0             1                     0                    1\n18               1.0               1.0             1                     0                    1\n19               1.0               1.0             1                     0                    0\n20               1.0               1.0             1                     0                    1\n21               1.0               1.0             1                     1                    1\n22               1.0               1.0             1                     1                    0\n23               1.0               1.0             1                     1                    0\n24               1.0               1.0             0                     0                    0\n25               1.0               1.0             0                     0                    1\n26               1.0               1.0             1                     0                    0\n27               1.0               1.0             1                     0                    1\n28               1.0               1.0             1                     0                    0\n29               1.0               1.0             1                     1                    1\n30               1.0               1.0             1                     0                    0\n31               1.0               1.0             1                     0                    0\n32               1.0               1.0             1                     0                    1\n33               1.0               1.0             0                     0                    0"
}