{
    "instance_id": "ws_en_062",
    "score": 0.0,
    "precision_by_row": 0.08333333333333333,
    "recall_by_row": 0.041666666666666664,
    "f1_by_row": 0.05555555555555555,
    "precision_by_item": 0.5972222222222222,
    "recall_by_item": 0.2986111111111111,
    "f1_by_item": 0.39814814814814814,
    "msg": "    university_exact_match  foundingyear_exact_match  governingbody_llm_judge  officialwebsiteaddress_llm_judge  2025ukguardianrankings_exact_match  2026qsworldrankings_exact_match\n0                      1.0                       1.0                        1                                 1                                 0.0                              0.0\n1                      1.0                       1.0                        1                                 1                                 0.0                              1.0\n2                      1.0                       1.0                        0                                 1                                 0.0                              0.0\n3                      1.0                       1.0                        0                                 1                                 0.0                              0.0\n4                      1.0                       1.0                        1                                 1                                 1.0                              1.0\n5                      1.0                       1.0                        1                                 1                                 1.0                              0.0\n6                      1.0                       0.0                        1                                 1                                 0.0                              0.0\n7                      1.0                       1.0                        0                                 1                                 0.0                              0.0\n8                      1.0                       0.0                        1                                 1                                 1.0                              0.0\n9                      1.0                       1.0                        1                                 0                                 0.0                              0.0\n10                     1.0                       1.0                        1                                 1                                 0.0                              0.0"
}