{
    "instance_id": "ws_en_091",
    "score": 0.0,
    "precision_by_row": 0.0,
    "recall_by_row": 0.0,
    "f1_by_row": 0.0,
    "precision_by_item": 0.38596491228070173,
    "recall_by_item": 0.022155085599194362,
    "f1_by_item": 0.0419047619047619,
    "msg": "    time_date_near  productseries_llm_judge  processormodel_exact_match  corearchitecture_llm_judge  manufacturingprocess(nm)_llm_judge  cores_exact_match  threads_exact_match  corefrequency(ghz)_exact_match  l2cache(mb)_exact_match  l3cache(mb)_exact_match  graphicsmodel_llm_judge  numberofgraphicscores_exact_match\n0              0.0                        0                         1.0                           1                                   1                1.0                  1.0                             1.0                      1.0                      1.0                        1                                0.0\n1              0.0                        0                         1.0                           1                                   1                1.0                  1.0                             0.0                      0.0                      0.0                        0                                0.0\n2              0.0                        0                         1.0                           0                                   0                1.0                  1.0                             0.0                      1.0                      1.0                        0                                0.0\n3              0.0                        0                         1.0                           0                                   0                1.0                  1.0                             0.0                      0.0                      0.0                        0                                0.0\n4              0.0                        0                         1.0                           0                                   1                1.0                  1.0                             1.0                      0.0                      0.0                        0                                0.0\n5              0.0                        0                         1.0                           0                                   1                1.0                  1.0                             1.0                      1.0                      0.0                        0                                0.0\n6              0.0                        0                         1.0                           0                                   1                1.0                  1.0                             1.0                      0.0                      0.0                        0                                0.0\n7              0.0                        0                         1.0                           0                                   1                0.0                  0.0                             1.0                      0.0                      0.0                        1                                0.0\n8              0.0                        0                         1.0                           0                                   1                1.0                  1.0                             1.0                      1.0                      1.0                        1                                0.0\n9              0.0                        0                         1.0                           0                                   1                0.0                  0.0                             1.0                      0.0                      0.0                        1                                0.0\n10             0.0                        0                         1.0                           0                                   1                1.0                  1.0                             0.0                      0.0                      0.0                        1                                0.0\n11             0.0                        0                         1.0                           0                                   1                1.0                  1.0                             0.0                      0.0                      0.0                        1                                0.0\n12             0.0                        0                         1.0                           0                                   1                1.0                  1.0                             1.0                      0.0                      1.0                        1                                0.0\n13             0.0                        0                         1.0                           0                                   1                1.0                  1.0                             1.0                      0.0                      1.0                        1                                0.0\n14             0.0                        0                         1.0                           0                                   1                1.0                  1.0                             0.0                      0.0                      0.0                        1                                0.0\n15             0.0                        0                         1.0                           0                                   1                1.0                  1.0                             0.0                      0.0                      0.0                        1                                0.0"
}