{
    "instance_id": "ws_en_080",
    "score": 0.0,
    "precision_by_row": 0.14285714285714285,
    "recall_by_row": 0.09090909090909091,
    "f1_by_row": 0.1111111111111111,
    "precision_by_item": 0.5357142857142857,
    "recall_by_item": 0.3409090909090909,
    "f1_by_item": 0.41666666666666663,
    "msg": "   olympicgames_exact_match  country_exact_match  numberofgoldmedals_exact_match  eventswon_llm_judge\n0                       1.0                  1.0                             1.0                    0\n1                       1.0                  1.0                             0.0                    0\n2                       1.0                  1.0                             1.0                    1\n3                       1.0                  1.0                             0.0                    1\n4                       1.0                  1.0                             0.0                    1"
}