{
    "instance_id": "ws_zh_044",
    "score": 0.0,
    "precision_by_row": 0.0,
    "recall_by_row": 0.0,
    "f1_by_row": 0.0,
    "precision_by_item": 0.5833333333333334,
    "recall_by_item": 0.03070175438596491,
    "f1_by_item": 0.05833333333333333,
    "msg": "   举办时期_llm_judge  展会全称_exact_match  展馆名称_llm_judge  展馆详细地址_llm_judge  主办单位_llm_judge  承办单位_llm_judge\n0               1               1.0               1                 1               0               0\n1               1               1.0               1                 0               0               0"
}