{
    "instance_id": "ws_zh_078",
    "score": 0.0,
    "precision_by_row": 1.0,
    "recall_by_row": 0.09090909090909091,
    "f1_by_row": 0.16666666666666669,
    "precision_by_item": 1.0,
    "recall_by_item": 0.09090909090909091,
    "f1_by_item": 0.16666666666666669,
    "msg": "   时间_exact_match  辟谣/谣言内容_exact_match  详情/真相_llm_judge\n0             1.0                  1.0                1\n1             1.0                  1.0                1\n2             1.0                  1.0                1"
}