{
    "instance_id": "ws_zh_093",
    "score": 0.0,
    "precision_by_row": 0.125,
    "recall_by_row": 0.017241379310344827,
    "f1_by_row": 0.0303030303030303,
    "precision_by_item": 0.46875,
    "recall_by_item": 0.06465517241379311,
    "f1_by_item": 0.11363636363636363,
    "msg": "   学校名称_exact_match  创办时间_llm_judge  校训_llm_judge  详细地址_llm_judge\n0               1.0               1             1               1\n1               1.0               0             0               1\n2               1.0               0             0               0\n3               1.0               0             0               0\n4               1.0               1             0               1\n5               1.0               0             0               1\n6               1.0               0             0               0\n7               1.0               0             0               0"
}