{
    "instance_id": "ws_zh_089",
    "score": 0.0,
    "precision_by_row": 0.0,
    "recall_by_row": 0.0,
    "f1_by_row": 0.0,
    "precision_by_item": 0.6428571428571429,
    "recall_by_item": 0.23076923076923078,
    "f1_by_item": 0.339622641509434,
    "msg": "    学校名称_exact_match  建校年份_exact_match  主管部门_llm_judge  学校官网地址_llm_judge  2025中国校友会排行榜名次_exact_match  2026qs世界大学排名名次_exact_match\n0                1.0               1.0               1                 1                         1.0                         0.0\n1                1.0               1.0               1                 1                         1.0                         0.0\n2                1.0               1.0               1                 1                         0.0                         0.0\n3                1.0               1.0               1                 1                         0.0                         0.0\n4                1.0               1.0               1                 1                         1.0                         0.0\n5                1.0               1.0               1                 1                         0.0                         0.0\n6                1.0               0.0               1                 1                         0.0                         0.0\n7                1.0               1.0               0                 1                         0.0                         0.0\n8                1.0               0.0               1                 1                         0.0                         0.0\n9                1.0               1.0               1                 1                         0.0                         0.0\n10               1.0               1.0               1                 1                         0.0                         0.0\n11               1.0               1.0               1                 1                         0.0                         0.0\n12               1.0               0.0               1                 1                         0.0                         0.0\n13               1.0               0.0               1                 1                         0.0                         0.0"
}