{
    "instance_id": "ws_en_002",
    "score": 0.0,
    "precision_by_row": 0.42857142857142855,
    "recall_by_row": 0.07894736842105263,
    "f1_by_row": 0.13333333333333333,
    "precision_by_item": 0.6666666666666666,
    "recall_by_item": 0.12280701754385964,
    "f1_by_item": 0.2074074074074074,
    "msg": "   brand_exact_match  product_exact_match  category_llm_judge  sub-category_llm_judge  packsize(bottle)_llm_judge  abv%_llm_judge\n0                1.0                  1.0                   1                       1                           1               1\n1                1.0                  1.0                   1                       1                           1               1\n2                1.0                  1.0                   1                       1                           1               1\n3                1.0                  1.0                   1                       0                           1               1\n4                1.0                  1.0                   1                       0                           1               1"
}