{
    "instance_id": "ws_zh_078",
    "score": 0.0,
    "precision_by_row": 0.4,
    "recall_by_row": 0.06060606060606061,
    "f1_by_row": 0.10526315789473685,
    "precision_by_item": 0.5333333333333333,
    "recall_by_item": 0.08080808080808081,
    "f1_by_item": 0.14035087719298248,
    "msg": "   时间_exact_match  辟谣/谣言内容_exact_match  详情/真相_llm_judge\n0             1.0                  1.0                1\n1             0.0                  1.0                1\n2             1.0                  1.0                1"
}