{
    "instance_id": "ws_zh_011",
    "score": 0.0,
    "precision_by_row": 0.0,
    "recall_by_row": 0.0,
    "f1_by_row": 0.0,
    "precision_by_item": 0.1,
    "recall_by_item": 0.016129032258064516,
    "f1_by_item": 0.027777777777777776,
    "msg": "   地区_exact_match  2022年转移支付决算数_number_near  2022年一般性转移支付决算数_number_near  2022年专项转移支付决算数_number_near  2021年转移支付决算数_number_near  2021年一般性转移支付决算数_number_near  2021年专项转移支付决算数_number_near  2020年转移支付决算数_number_near  2020年一般性转移支付决算数_number_near  2020年专项转移支付决算数_number_near\n0             1.0                       0.0                          0.0                         0.0                       0.0                          0.0                         0.0                       0.0                          0.0                         0.0\n1             1.0                       0.0                          1.0                         0.0                       0.0                          0.0                         0.0                       0.0                          0.0                         0.0\n2             1.0                       0.0                          0.0                         0.0                       0.0                          0.0                         0.0                       0.0                          0.0                         0.0\n3             1.0                       0.0                          0.0                         0.0                       0.0                          0.0                         0.0                       0.0                          0.0                         0.0"
}