{
    "instance_id": "ws_zh_050",
    "score": 0.0,
    "precision_by_row": 0.42857142857142855,
    "recall_by_row": 0.06,
    "f1_by_row": 0.10526315789473684,
    "precision_by_item": 0.7142857142857143,
    "recall_by_item": 0.1,
    "f1_by_item": 0.1754385964912281,
    "msg": "    年份_exact_match  排名_exact_match  歌曲名称_llm_judge  歌手_llm_judge\n0              1.0             1.0               0             0\n1              1.0             1.0               1             1\n2              1.0             1.0               1             1\n3              1.0             1.0               1             1\n4              1.0             1.0               1             1\n5              1.0             1.0               0             0\n6              1.0             1.0               0             0\n7              1.0             1.0               0             0\n8              1.0             1.0               1             1\n9              1.0             1.0               1             1\n10             1.0             1.0               0             0\n11             1.0             1.0               0             0\n12             1.0             1.0               0             0\n13             1.0             1.0               0             0"
}