{
    "instance_id": "ws_zh_061",
    "score": 0.0,
    "precision_by_row": 0.0,
    "recall_by_row": 0.0,
    "f1_by_row": 0.0,
    "precision_by_item": 0.35833333333333334,
    "recall_by_item": 0.0108257804632427,
    "f1_by_item": 0.02101661779081134,
    "msg": "   时间_date_near  核心架构_llm_judge  产品系列_llm_judge  处理器型号_exact_match  制造工艺_llm_judge  核心_exact_match  线程_exact_match  核心频率(ghz)_llm_judge  二级缓存(mb)_exact_match  三级缓存(mb)_number_near  显卡型号_llm_judge  显卡核心数_number_near\n0           0.0               1               0                1.0               0             0.0             0.0                    0                   0.0                   0.0               1                0.0\n1           0.0               1               0                1.0               0             1.0             1.0                    0                   0.0                   0.0               1                1.0\n2           0.0               1               0                1.0               1             0.0             0.0                    1                   0.0                   0.0               1                0.0\n3           0.0               1               0                1.0               1             0.0             0.0                    1                   0.0                   0.0               1                0.0\n4           0.0               1               0                1.0               0             1.0             1.0                    0                   0.0                   0.0               1                0.0\n5           0.0               1               0                1.0               1             1.0             1.0                    1                   0.0                   0.0               1                0.0\n6           0.0               1               0                1.0               0             1.0             1.0                    0                   0.0                   0.0               1                0.0\n7           0.0               1               0                1.0               1             1.0             0.0                    0                   0.0                   0.0               1                0.0\n8           0.0               0               0                1.0               0             0.0             0.0                    0                   0.0                   0.0               1                0.0"
}